Silvie,Alyonov,salyonov0@wikispaces.com,92511364701,false,2020-01-01,2020-01-02
Ambros,Eary,aeary1@ox.ac.uk,41789748281,true,2020-01-03,2020-01-04
Worthington,Klimashevich,wklimashevich2@trellian.com,44680373481,false,2020-01-05,2020-01-06
Elbertina,Tainton,etainton3@reverbnation.com,16387917921,false,2020-01-07,2020-01-08
Briant,Norton,bnorton4@utexas.edu,63157475081,false,2020-01-09,2020-01-10
Estrellita,Scriven,escriven5@ezinearticles.com,78144248761,true,2020-01-11,2020-01-12
Carri,Jobey,cjobey6@phpbb.com,73764918301,true,2020-01-13,2020-01-14
Sibilla,Fouracres,sfouracres7@unicef.org,94965342101,true,2020-01-15,2020-01-16
Olwen,Hurren,ohurren8@nytimes.com,77640797161,true,2020-01-17,2020-01-18
Patrizia,Ugoletti,pugoletti9@phpbb.com,51983548111,false,2020-01-19,2020-01-20
Marleah,Ranyell,mranyella@harvard.edu,92441423431,true,2020-01-21,2020-01-22
Betteann,O'Brogane,bobroganeb@amazon.co.jp,33933358671,false,2020-01-23,2020-01-24
Anastassia,cornhill,acornhillc@psu.edu,71934717781,false,2020-01-25,2020-01-26
Isaiah,Sjollema,isjollemad@ow.ly,80387581111,false,2020-01-27,2020-01-28
Melicent,Caghy,mcaghye@macromedia.com,69730580561,false,2020-01-29,2020-01-30
Carolin,Gyurkovics,cgyurkovicsi@narod.ru,67432168001,false,2020-02-06,2020-02-07
Dane,Brunnstein,dbrunnsteinj@alibaba.com,84321869991,false,2020-02-08,2020-02-09
Mercedes,Tipens,mtipensk@earthlink.net,59770624601,true,2020-02-10,2020-02-11
Rheta,Chadbourn,rchadbournl@theatlantic.com,57286665191,true,2020-02-12,2020-02-13
Prudi,Dunbleton,pdunbletonm@stanford.edu,45032430541,true,2020-02-14,2020-02-15
Erena,Cuthbert,ecuthbertn@arstechnica.com,58214848411,false,2020-02-16,2020-02-17
Ninon,Shorten,nshorteno@indiegogo.com,40712864821,true,2020-02-18,2020-02-19
Lissy,Larner,llarnerp@naver.com,36333474751,true,2020-02-20,2020-02-21
Nannie,Fosserd,nfosserdq@wikimedia.org,86714296201,true,2020-02-22,2020-02-23
Brett,Wheelwright,bwheelwrightr@etsy.com,71965448611,true,2020-02-24,2020-02-25
Peadar,Trevascus,ptrevascuss@umn.edu,13710309331,true,2020-02-26,2020-02-27
Rosetta,Preene,rpreenet@prweb.com,60637560291,false,2020-02-28,2020-02-29
Lynnelle,Karolovsky,lkarolovskyu@sphinn.com,84219436131,true,2020-03-01,2020-03-02
Michel,Bogies,mbogiesv@miitbeian.gov.cn,95054799821,true,2020-03-03,2020-03-04
Margarette,Mayell,mmayellw@paginegialle.it,89892258001,false,2020-03-05,2020-03-06
Emilia,Standbridge,estandbridgex@yahoo.co.jp,24664419451,true,2020-03-07,2020-03-08
Albie,Peggram,apeggramy@google.com.au,91359843781,false,2020-03-09,2020-03-10
Clementina,Wolfendale,cwolfendalez@google.pl,64684406101,true,2020-03-11,2020-03-12
Cirillo,Yandell,cyandell10@hhs.gov,67633427211,false,2020-03-13,2020-03-14
Abie,Furby,afurby11@mysql.com,77576080151,true,2020-03-15,2020-03-16
Pace,Skehan,pskehan12@ebay.com,59875425991,true,2020-03-17,2020-03-18
Gwendolen,Hedge,ghedge13@netscape.com,28872236631,true,2020-03-19,2020-03-20
Kimbra,Pressland,kpressland14@ibm.com,47392540941,true,2020-03-21,2020-03-22
Ignatius,Malyj,imalyj15@xing.com,85182450801,true,2020-03-23,2020-03-24
Averil,Pinock,apinock16@wunderground.com,66628275441,true,2020-03-25,2020-03-26
Wallas,Ferrettini,wferrettini17@feedburner.com,80149701671,true,2020-03-27,2020-03-28
Lynnette,Edwinson,ledwinson18@washingtonpost.com,82423759391,false,2020-03-29,2020-03-30
Zed,McGrane,zmcgrane19@mapquest.com,23426949381,false,2020-03-31,2020-04-01
Walker,Volette,wvolette1a@businessweek.com,97337989611,false,2020-04-02,2020-04-03
Audy,Seeks,aseeks1b@tmall.com,67621367061,false,2020-04-04,2020-04-05
Linus,Pash,lpash1c@jimdo.com,15545177611,false,2020-04-06,2020-04-07
Bronson,Mickleburgh,bmickleburgh1d@eventbrite.com,28644403891,false,2020-04-08,2020-04-09
Ximenes,Cadden,xcadden1e@europa.eu,47948557561,true,2020-04-10,2020-04-11
Reese,Robertis,rrobertis1f@wikia.com,36728323751,false,2020-04-12,2020-04-13
Julia,Tarburn,jtarburn1g@scientificamerican.com,93241626001,false,2020-04-14,2020-04-15
Benni,Kollach,bkollach1h@slideshare.net,71353096471,false,2020-04-16,2020-04-17
Eb,Kase,ekase1i@nih.gov,30255284251,true,2020-04-18,2020-04-19
Jared,Crum,jcrum1j@tinyurl.com,42040507881,false,2020-04-20,2020-04-21
Latashia,McKune,lmckune1k@wikipedia.org,88539117451,true,2020-04-22,2020-04-23
Phyllida,Atling,patling1l@gov.uk,36213216301,true,2020-04-24,2020-04-25
Cherianne,Honsch,chonsch1m@edublogs.org,71959888941,true,2020-04-26,2020-04-27
Earlie,Loghan,eloghan1n@etsy.com,57741093181,false,2020-04-28,2020-04-29
Annmarie,Du Hamel,aduhamel1o@house.gov,97513013881,true,2020-04-30,2020-05-01
Lina,Raisher,lraisher1p@wired.com,76239769231,false,2020-05-02,2020-05-03
Ceciley,Conichie,cconichie1q@psu.edu,61043952821,true,2020-05-04,2020-05-05
L;urette,Davey,ldavey1r@newyorker.com,82632770301,true,2020-05-06,2020-05-07
Joline,Mounsie,jmounsie1s@baidu.com,94963514241,true,2020-05-08,2020-05-09
Devy,Di Napoli,ddinapoli1t@sciencedaily.com,74243075831,true,2020-05-10,2020-05-11
Burty,Avrahamov,bavrahamov1u@delicious.com,60245896661,true,2020-05-12,2020-05-13
Darby,Crampsey,dcrampsey1v@parallels.com,59162416941,true,2020-05-14,2020-05-15
Thibaut,Tatham,ttatham1w@netlog.com,20376145031,false,2020-05-16,2020-05-17
Kipp,Bygraves,kbygraves1x@google.co.uk,63191189811,true,2020-05-18,2020-05-19
Pattie,Wash,pwash1y@amazonaws.com,82542781191,false,2020-05-20,2020-05-21
Elsa,Seamen,eseamen1z@prweb.com,52322113531,false,2020-05-22,2020-05-23
Troy,Jime,tjime20@pcworld.com,69727816261,true,2020-05-24,2020-05-25
Ailene,Dotterill,adotterill21@cnn.com,38174033901,true,2020-05-26,2020-05-27
Flore,Paur,fpaur22@over-blog.com,43024608001,false,2020-05-28,2020-05-29
Vassili,Okenden,vokenden23@blogtalkradio.com,62648998541,false,2020-05-30,2020-05-31
Natalina,Leeming,nleeming24@mozilla.org,18912044441,true,2020-06-01,2020-06-02
Herbie,Richel,hrichel25@census.gov,16592393871,true,2020-06-03,2020-06-04
Trina,Happel,thappel26@trellian.com,46213637511,false,2020-06-05,2020-06-06
Tiena,Looker,tlooker27@spiegel.de,77862436101,true,2020-06-07,2020-06-08
Loralee,Booty,lbooty28@infoseek.co.jp,91367410241,false,2020-06-09,2020-06-10
Francisco,Deneve,fdeneve29@bbb.org,91586361031,false,2020-06-11,2020-06-12
Dyanne,Rotlauf,drotlauf2a@ocn.ne.jp,59344514441,false,2020-06-13,2020-06-14
Izabel,Poxson,ipoxson2b@shareasale.com,24276162501,true,2020-06-15,2020-06-16
Guinna,Swinn,gswinn2c@house.gov,51378385551,false,2020-06-17,2020-06-18
Maxie,O' Reagan,moreagan2d@chron.com,96588281061,true,2020-06-19,2020-06-20
Starlene,Hellcat,shellcat2e@prnewswire.com,99688597771,true,2020-06-21,2020-06-22
Candy,Nisen,cnisen2f@constantcontact.com,73913587391,false,2020-06-23,2020-06-24
Rooney,Liverock,rliverock2g@qq.com,10828586441,false,2020-06-25,2020-06-26
Anet,Asel,aasel2h@si.edu,73965358001,true,2020-06-27,2020-06-28
Livvyy,Fleet,lfleet2i@biglobe.ne.jp,68515193681,false,2020-06-29,2020-06-30
Meredith,Baysting,mbaysting2j@state.tx.us,55356282661,false,2020-07-01,2020-07-02
Philbert,Tarzey,ptarzey2k@google.com.au,73275469731,false,2020-07-03,2020-07-04
Helen-elizabeth,Renackowna,hrenackowna2l@illinois.edu,20270210601,false,2020-07-05,2020-07-06
Loretta,Albutt,lalbutt2m@senate.gov,74433741771,false,2020-07-07,2020-07-08
Vita,Doak,vdoak2n@auda.org.au,42334217341,false,2020-07-09,2020-07-10
Shellysheldon,Lagden,slagden2o@ustream.tv,65675667521,false,2020-07-11,2020-07-12
Karolina,Jablonski,kjablonski2p@europa.eu,13073269371,true,2020-07-13,2020-07-14
Raymond,Kellard,rkellard2q@jugem.jp,25237685111,false,2020-07-15,2020-07-16
Emmalyn,Stanbrooke,estanbrooke2r@google.com.au,70143735141,true,2020-07-17,2020-07-18
Ruttger,Jaher,rjaher2s@shop-pro.jp,44811456301,true,2020-07-19,2020-07-20
Giavani,Denys,gdenys2t@bizjournals.com,56475829641,false,2020-07-21,2020-07-22
Sansone,Spinke,sspinke2u@scientificamerican.com,75219286401,true,2020-07-23,2020-07-24
Giuditta,Saywell,gsaywell2v@msn.com,42917862761,false,2020-07-25,2020-07-26
Dugald,Ayscough,dayscough2w@indiatimes.com,13321471291,false,2020-07-27,2020-07-28
Tulley,Buckingham,tbuckingham2x@goodreads.com,49689078821,true,2020-07-29,2020-07-30
Neille,Reddel,nreddel2y@pen.io,95237213331,true,2020-07-31,2020-08-01
Allard,Sein,asein2z@symantec.com,72585357441,true,2020-08-02,2020-08-03
Ernestus,Vergine,evergine30@miitbeian.gov.cn,22681643321,true,2020-08-04,2020-08-05
Morie,Hewes,mhewes31@samsung.com,16564103021,true,2020-08-06,2020-08-07
Kylen,Blasl,kblasl32@nymag.com,91468741471,false,2020-08-08,2020-08-09
Cob,Henric,chenric33@constantcontact.com,54799455031,true,2020-08-10,2020-08-11
Jerrie,Atcheson,jatcheson34@4shared.com,39033365591,true,2020-08-12,2020-08-13
Shanie,Tapson,stapson35@cisco.com,88094323641,true,2020-08-14,2020-08-15
Claudelle,Guislin,cguislin36@timesonline.co.uk,59561739281,false,2020-08-16,2020-08-17
Chryste,Theurer,ctheurer37@issuu.com,34374249601,false,2020-08-18,2020-08-19
Charley,Groves,cgroves38@booking.com,18665606091,true,2020-08-20,2020-08-21
Amandi,Haire,ahaire39@seattletimes.com,24393612151,false,2020-08-22,2020-08-23
Tedman,Matthensen,tmatthensen3a@acquirethisname.com,98731684981,false,2020-08-24,2020-08-25
Bone,MacDearmid,bmacdearmid3b@imgur.com,41835375871,false,2020-08-26,2020-08-27
Cortie,Bendin,cbendin3c@bbb.org,85657976831,true,2020-08-28,2020-08-29
Rosamund,McKeggie,rmckeggie3d@forbes.com,36587351311,true,2020-08-30,2020-08-31
Nataniel,Gaythor,ngaythor3e@slashdot.org,21856361201,false,2020-09-01,2020-09-02
Inness,Tice,itice3f@sitemeter.com,67419376611,false,2020-09-03,2020-09-04
Louisa,Mattedi,lmattedi3g@hexun.com,88817535141,true,2020-09-05,2020-09-06
Marcello,Yakuntzov,myakuntzov3h@vkontakte.ru,42171180811,false,2020-09-07,2020-09-08
Rozele,Volonte,rvolonte3i@tinyurl.com,94735317111,true,2020-09-09,2020-09-10
Xenos,Vero,xvero3j@examiner.com,84570383921,false,2020-09-11,2020-09-12
Tito,Gracey,tgracey3k@youku.com,53731748201,false,2020-09-13,2020-09-14
Aile,Basezzi,abasezzi3l@economist.com,28162042701,true,2020-09-15,2020-09-16
Paulette,Weighell,pweighell3m@toplist.cz,13044397011,false,2020-09-17,2020-09-18
Tobey,Terron,tterron3n@networkadvertising.org,43984037781,true,2020-09-19,2020-09-20
Reba,Staples,rstaples3o@t-online.de,24779422751,false,2020-09-21,2020-09-22
Elwood,Dunphy,edunphy3p@artisteer.com,31428937721,false,2020-09-23,2020-09-24
Ernestus,Kettell,ekettell3q@ebay.com,51931409921,false,2020-09-25,2020-09-26
Nertie,Horley,nhorley3r@walmart.com,95192551051,false,2020-09-27,2020-09-28
Ardys,Espadate,aespadate3s@icio.us,14447947671,false,2020-09-29,2020-09-30
Jocko,Jukes,jjukes3t@yellowpages.com,11932726811,false,2020-10-01,2020-10-02
Feodora,Fawloe,ffawloe3u@skype.com,55318171521,false,2020-10-03,2020-10-04
Felipe,Scafe,fscafe3v@goo.gl,12490327041,true,2020-10-05,2020-10-06
Debor,Bartkowiak,dbartkowiak3w@t-online.de,66075410981,false,2020-10-07,2020-10-08
Tabbi,Begwell,tbegwell3x@flickr.com,80610490341,true,2020-10-09,2020-10-10
Melania,Minichi,mminichi3y@irs.gov,10269291061,true,2020-10-11,2020-10-12
Nerissa,Seed,nseed3z@hp.com,41586478681,false,2020-10-13,2020-10-14
Ibby,Studeart,istudeart40@harvard.edu,16974724501,true,2020-10-15,2020-10-16
Aurlie,Allchorne,aallchorne41@drupal.org,38165792641,false,2020-10-17,2020-10-18
Sianna,Tretter,stretter42@naver.com,94148821201,false,2020-10-19,2020-10-20
Jourdain,Hegel,jhegel43@cam.ac.uk,98466312701,false,2020-10-21,2020-10-22
Lynnell,Coo,lcoo44@naver.com,96444404751,false,2020-10-23,2020-10-24
Dimitry,Patient,dpatient45@discovery.com,95013229421,false,2020-10-25,2020-10-26
Lothaire,Whiffin,lwhiffin46@java.com,52960121041,true,2020-10-27,2020-10-28
Shela,Vossgen,svossgen47@mozilla.org,68069878971,true,2020-10-29,2020-10-30
Ebenezer,Eagers,eeagers48@tinypic.com,36390467251,false,2020-10-31,2020-11-01
Jimmie,Baudains,jbaudains49@state.gov,21774619001,true,2020-11-02,2020-11-03
Danell,Dikes,ddikes4a@google.com.au,37770641231,false,2020-11-04,2020-11-05
Vitoria,De la croix,vdelacroix4b@ft.com,57222510451,false,2020-11-06,2020-11-07
Raine,Hulstrom,rhulstrom4c@about.me,39721506021,false,2020-11-08,2020-11-09
Prissie,Dunseith,pdunseith4d@dot.gov,61141794271,false,2020-11-10,2020-11-11
Christabella,Culross,cculross4e@ameblo.jp,85435185611,true,2020-11-12,2020-11-13
Ange,Uwins,auwins4f@hc360.com,69173823271,true,2020-11-14,2020-11-15
Josiah,Camosso,jcamosso4g@chronoengine.com,76781527871,true,2020-11-16,2020-11-17
Bartholomeo,McArtan,bmcartan4h@ebay.co.uk,66255614311,false,2020-11-18,2020-11-19
Hermon,Okenden,hokenden4i@cafepress.com,73329090111,true,2020-11-20,2020-11-21
Valentina,Esp,vesp4j@amazonaws.com,70841427431,true,2020-11-22,2020-11-23
Si,MacConnell,smacconnell4k@uol.com.br,85760552881,false,2020-11-24,2020-11-25
Dorris,Poytheras,dpoytheras4l@imdb.com,93999403591,true,2020-11-26,2020-11-27
Davidde,Gerge,dgerge4m@chronoengine.com,39848468101,true,2020-11-28,2020-11-29
Eamon,Stansby,estansby4n@opera.com,44570209391,true,2020-11-30,2020-12-01
Cassandra,Forst,cforst4o@stumbleupon.com,52666859241,true,2020-12-02,2020-12-03
Wildon,Dawtry,wdawtry4p@homestead.com,45575340921,false,2020-12-04,2020-12-05
Crawford,Worlock,cworlock4q@weibo.com,70660615911,false,2020-12-06,2020-12-07
Orin,Duncanson,oduncanson4r@dot.gov,62226384121,true,2020-12-08,2020-12-09
Herby,Ayers,hayers4s@1688.com,65263635531,false,2020-12-10,2020-12-11
Louisette,Cordobes,lcordobes4t@skyrock.com,82926925251,false,2020-12-12,2020-12-13
Maryellen,Speares,mspeares4u@whitehouse.gov,85424281581,true,2020-12-14,2020-12-15
Angelle,Leroy,aleroy4v@prnewswire.com,40412077941,false,2020-12-16,2020-12-17
Guilbert,Purseglove,gpurseglove4w@fc2.com,30534404091,false,2020-12-18,2020-12-19
Camey,Arnhold,carnhold4x@sun.com,41621839201,true,2020-12-20,2020-12-21
Godfry,Eschalette,geschalette4y@mozilla.com,95189694831,true,2020-12-22,2020-12-23
Kristoffer,Opie,kopie4z@walmart.com,78027195051,true,2020-12-24,2020-12-25
Claybourne,Freckelton,cfreckelton50@scribd.com,80163433351,true,2020-12-26,2020-12-27
Drusilla,Payze,dpayze51@hhs.gov,23737990321,true,2020-12-28,2020-12-29
Alfred,Gravett,agravett52@wisc.edu,16932723221,false,2020-12-30,2020-12-31
Templeton,Husselbee,thusselbee53@independent.co.uk,56470799371,true,2021-01-01,2021-01-02
Stephani,Bailey,sbailey54@hexun.com,93032306851,false,2021-01-03,2021-01-04
Brendan,Dayborne,bdayborne55@sun.com,15030959481,false,2021-01-05,2021-01-06
Calvin,Keefe,ckeefe56@ustream.tv,80993587291,true,2021-01-07,2021-01-08
Kendricks,Foote,kfoote57@oracle.com,67489433161,true,2021-01-09,2021-01-10
Xylina,Baison,xbaison58@europa.eu,23610722221,true,2021-01-11,2021-01-12
Constanta,Dahl,cdahl59@netscape.com,92925482371,true,2021-01-13,2021-01-14
Maddi,Climar,mclimar5a@sourceforge.net,54566063171,false,2021-01-15,2021-01-16
Abba,Grigoriev,agrigoriev5b@technorati.com,22281552901,true,2021-01-17,2021-01-18
Carver,Beveredge,cbeveredge5c@mlb.com,36368376791,false,2021-01-19,2021-01-20
Juan,Noblet,jnoblet5d@sina.com.cn,44440721591,true,2021-01-21,2021-01-22
Nedi,Danilewicz,ndanilewicz5e@alibaba.com,79851441651,false,2021-01-23,2021-01-24
Virgie,Formoy,vformoy5f@whitehouse.gov,73099942961,true,2021-01-25,2021-01-26
Cicely,Dmtrovic,cdmtrovic5g@livejournal.com,35470944561,true,2021-01-27,2021-01-28
Cully,Boater,cboater5h@lycos.com,86518927951,false,2021-01-29,2021-01-30
Charlie,Heggie,cheggie5i@merriam-webster.com,98082233171,false,2021-01-31,2021-02-01
Howey,Sellors,hsellors5j@symantec.com,46263972091,true,2021-02-02,2021-02-03
Roselia,Castelluzzi,rcastelluzzi5k@blogtalkradio.com,93851353061,true,2021-02-04,2021-02-05
Dallas,Bernardeschi,dbernardeschi5l@creativecommons.org,50523710881,true,2021-02-06,2021-02-07
Reynard,Belitz,rbelitz5m@smh.com.au,48334778201,false,2021-02-08,2021-02-09
Celeste,Hawkslee,chawkslee5n@ustream.tv,22618965101,true,2021-02-10,2021-02-11
Grantley,Ellerey,gellerey5o@qq.com,31894739231,true,2021-02-12,2021-02-13
Rafi,August,raugust5p@webnode.com,25246343731,true,2021-02-14,2021-02-15
Francesco,Chamberlen,fchamberlen5q@storify.com,50943519461,false,2021-02-16,2021-02-17
Branden,Wolfit,bwolfit5r@bravesites.com,60284926541,false,2021-02-18,2021-02-19
Fallon,Braithwaite,fbraithwaite5s@hud.gov,68398849551,true,2021-02-20,2021-02-21
Davon,Pinshon,dpinshon5t@arstechnica.com,97474673501,false,2021-02-22,2021-02-23
Terry,Maryon,tmaryon5u@telegraph.co.uk,37524403381,true,2021-02-24,2021-02-25
Delainey,Hatchette,dhatchette5v@51.la,68377943951,true,2021-02-26,2021-02-27
Melisenda,MacIan,mmacian5w@biblegateway.com,84071175441,false,2021-02-28,2021-03-01
Sal,Secombe,ssecombe5x@google.fr,73161162531,false,2021-03-02,2021-03-03
Boone,Whorf,bwhorf5y@mediafire.com,10213348031,false,2021-03-04,2021-03-05
Boothe,Rearden,brearden5z@icq.com,47063998391,true,2021-03-06,2021-03-07
Catherine,Crowthe,ccrowthe60@google.com.hk,97974880221,false,2021-03-08,2021-03-09
Leia,Scopyn,lscopyn61@archive.org,72532402971,true,2021-03-10,2021-03-11
Ravid,Drane,rdrane62@phpbb.com,44586917751,false,2021-03-12,2021-03-13
James,Jayes,jjayes63@odnoklassniki.ru,95250126421,true,2021-03-14,2021-03-15
Nappie,Yurocjkin,nyurocjkin64@posterous.com,42242345031,true,2021-03-16,2021-03-17
Alex,Brine,abrine65@pbs.org,49830492381,true,2021-03-18,2021-03-19
Donal,Petticrew,dpetticrew66@google.ru,72358551511,false,2021-03-20,2021-03-21
Eddy,Garlee,egarlee67@nydailynews.com,71459574821,false,2021-03-22,2021-03-23
Teddie,O'Meara,tomeara68@go.com,42283940441,true,2021-03-24,2021-03-25
Shermie,Martell,smartell69@cafepress.com,22192488001,false,2021-03-26,2021-03-27
Ferdie,Cavil,fcavil6a@feedburner.com,38424455431,true,2021-03-28,2021-03-29
Kiley,Burgett,kburgett6b@google.com.hk,85388583611,false,2021-03-30,2021-03-31
Kari,Cudd,kcudd6c@theguardian.com,32047535271,true,2021-04-01,2021-04-02
Bliss,Philipot,bphilipot6d@bloomberg.com,55714673121,false,2021-04-03,2021-04-04
Maxine,Whellans,mwhellans6e@apple.com,91786295631,true,2021-04-05,2021-04-06
Lyndsey,Askie,laskie6f@uiuc.edu,63988498411,false,2021-04-07,2021-04-08
Dayle,Stratz,dstratz6g@si.edu,46748400491,true,2021-04-09,2021-04-10
Melisent,Labbey,mlabbey6h@symantec.com,76642307671,true,2021-04-11,2021-04-12
Sebastiano,Laflin,slaflin6i@youku.com,87980979241,false,2021-04-13,2021-04-14
Brady,Lazar,blazar6j@yahoo.com,47013031661,true,2021-04-15,2021-04-16
Fawn,McGeaney,fmcgeaney6k@who.int,36087096301,false,2021-04-17,2021-04-18
Krystle,Ruslinge,kruslinge6l@xing.com,70676357891,true,2021-04-19,2021-04-20
Alyss,Clothier,aclothier6m@hhs.gov,63024925521,true,2021-04-21,2021-04-22
Nydia,Mathew,nmathew6n@liveinternet.ru,42289368371,true,2021-04-23,2021-04-24
Salomone,Clemow,sclemow6o@cornell.edu,30988416921,true,2021-04-25,2021-04-26
Lancelot,Crosoer,lcrosoer6p@about.me,58270228971,true,2021-04-27,2021-04-28
Claude,Weatherley,cweatherley6q@jimdo.com,14722994881,false,2021-04-29,2021-04-30
Jolynn,Pym,jpym6r@google.nl,56727136241,true,2021-05-01,2021-05-02
Devy,Colenutt,dcolenutt6s@businesswire.com,80270527071,true,2021-05-03,2021-05-04
Min,Lawerence,mlawerence6t@hp.com,14769796151,true,2021-05-05,2021-05-06
Neilla,Balwin,nbalwin6u@theglobeandmail.com,74633207481,true,2021-05-07,2021-05-08
Cesare,Rozanski,crozanski6v@skype.com,71870198601,false,2021-05-09,2021-05-10
Denyse,Behnen,dbehnen6w@twitpic.com,70810886741,false,2021-05-11,2021-05-12
Shir,Keynes,skeynes6x@senate.gov,63249194411,true,2021-05-13,2021-05-14
Lorri,Tomenson,ltomenson6y@flickr.com,80130530571,false,2021-05-15,2021-05-16
Neall,Ruddy,nruddy6z@moonfruit.com,69439503151,true,2021-05-17,2021-05-18
Travers,Smewings,tsmewings70@dailymotion.com,56083582481,true,2021-05-19,2021-05-20
Rickey,Warren,rwarren71@si.edu,44818734451,false,2021-05-21,2021-05-22
Lauren,Milsted,lmilsted72@gravatar.com,83392309211,true,2021-05-23,2021-05-24
Loni,De Bruin,ldebruin73@upenn.edu,33990114161,true,2021-05-25,2021-05-26
Norina,Dalby,ndalby74@bloomberg.com,85827527301,true,2021-05-27,2021-05-28
Ericka,Gallone,egallone75@parallels.com,59046280501,false,2021-05-29,2021-05-30
Cate,Cornborough,ccornborough76@blogs.com,30813287591,false,2021-05-31,2021-06-01
Vania,Wedon,vwedon77@timesonline.co.uk,95358605061,false,2021-06-02,2021-06-03
Obadiah,Hortop,ohortop78@army.mil,89026315721,true,2021-06-04,2021-06-05
Bruis,Alastair,balastair79@latimes.com,69540223921,true,2021-06-06,2021-06-07
Jemie,Barbie,jbarbie7a@mtv.com,21841065781,false,2021-06-08,2021-06-09
Corie,Pratten,cpratten7b@g.co,63332769161,true,2021-06-10,2021-06-11
Judie,Valerio,jvalerio7c@typepad.com,49869595781,true,2021-06-12,2021-06-13
Windy,Sewards,wsewards7d@buzzfeed.com,18152210921,true,2021-06-14,2021-06-15
Julita,Phizacklea,jphizacklea7e@bizjournals.com,98920750871,true,2021-06-16,2021-06-17
Cyrus,Pantin,cpantin7f@mac.com,83598335321,true,2021-06-18,2021-06-19
Marie-ann,Koene,mkoene7g@over-blog.com,66034897901,true,2021-06-20,2021-06-21
Jenelle,Tomini,jtomini7h@canalblog.com,16613491501,false,2021-06-22,2021-06-23
Sammy,Nason,snason7i@europa.eu,99967783971,false,2021-06-24,2021-06-25
Alisha,Pettingill,apettingill7j@apache.org,52740601281,false,2021-06-26,2021-06-27
Freda,Mulvenna,fmulvenna7k@go.com,73558369721,true,2021-06-28,2021-06-29
Star,McCaughren,smccaughren7l@zimbio.com,12034960241,false,2021-06-30,2021-07-01
Wittie,Fawcett,wfawcett7m@newsvine.com,20499956821,false,2021-07-02,2021-07-03
Hollyanne,Lamey,hlamey7n@163.com,25918177611,false,2021-07-04,2021-07-05
Ailyn,Leahy,aleahy7o@ibm.com,63632588151,false,2021-07-06,2021-07-07
Petronilla,Pauly,ppauly7p@mashable.com,17729877931,true,2021-07-08,2021-07-09
Allyson,Hevey,ahevey7q@nih.gov,83461010591,false,2021-07-10,2021-07-11
Basia,Fricker,bfricker7r@imgur.com,12894729441,false,2021-07-12,2021-07-13
Dion,Vanderson,dvanderson7s@archive.org,85570266381,false,2021-07-14,2021-07-15
Nahum,Pfleger,npfleger7t@constantcontact.com,16479851741,false,2021-07-16,2021-07-17
Pincus,Flahy,pflahy7u@naver.com,14180327471,false,2021-07-18,2021-07-19
Marcie,Deniske,mdeniske7v@vk.com,75693850351,true,2021-07-20,2021-07-21
Cati,Ilyin,cilyin7w@yandex.ru,42475460011,true,2021-07-22,2021-07-23
Dillie,Sugden,dsugden7x@webmd.com,11797329331,true,2021-07-24,2021-07-25
Marsh,Naden,mnaden7y@gmpg.org,34552272791,false,2021-07-26,2021-07-27
Aretha,Grossier,agrossier7z@github.com,20979214451,true,2021-07-28,2021-07-29
Sky,Stanners,sstanners80@livejournal.com,72540577231,false,2021-07-30,2021-07-31
Lucina,Knox,lknox81@shinystat.com,47685448451,false,2021-08-01,2021-08-02
Goldarina,Yearnsley,gyearnsley82@skyrock.com,24790399141,false,2021-08-03,2021-08-04
Jamaal,Pinnigar,jpinnigar83@360.cn,98767061501,false,2021-08-05,2021-08-06
Jaquelin,Munns,jmunns84@cnet.com,43578077521,false,2021-08-07,2021-08-08
Ozzie,Wagg,owagg85@noaa.gov,12914445781,true,2021-08-09,2021-08-10
Remus,Hurcombe,rhurcombe86@free.fr,26058558581,false,2021-08-11,2021-08-12
Pia,Kleinberer,pkleinberer87@devhub.com,22396258151,false,2021-08-13,2021-08-14
Pepito,Merali,pmerali88@ucoz.com,26553501931,true,2021-08-15,2021-08-16
Goraud,Keates,gkeates89@creativecommons.org,79070864271,true,2021-08-17,2021-08-18
Deena,Eddis,deddis8a@is.gd,96830348911,false,2021-08-19,2021-08-20
Ange,Garratt,agarratt8b@amazon.co.jp,92516269151,true,2021-08-21,2021-08-22
Winne,Gunningham,wgunningham8c@yahoo.co.jp,16264481401,true,2021-08-23,2021-08-24
Ham,Klyn,hklyn8d@opensource.org,84694107751,false,2021-08-25,2021-08-26
Silvan,Dumbrill,sdumbrill8e@mediafire.com,71799002401,true,2021-08-27,2021-08-28
Morgen,Van Der Hoog,mvanderhoog8f@wordpress.org,97930544081,true,2021-08-29,2021-08-30
Antonio,Barnby,abarnby8g@gmpg.org,49328835341,true,2021-08-31,2021-09-01
Arri,Staten,astaten8h@usda.gov,82585533691,true,2021-09-02,2021-09-03
Donia,Gregore,dgregore8i@umn.edu,44157563561,true,2021-09-04,2021-09-05
Tallia,Barnsdale,tbarnsdale8j@naver.com,49683134121,true,2021-09-06,2021-09-07
Paige,McConnel,pmcconnel8k@samsung.com,49568144691,true,2021-09-08,2021-09-09
Zorana,Huckel,zhuckel8l@posterous.com,55068468921,false,2021-09-10,2021-09-11
Eimile,Dubs,edubs8m@w3.org,18267500121,true,2021-09-12,2021-09-13
Idette,Somers,isomers8n@google.ru,40240576011,false,2021-09-14,2021-09-15
Rosana,Bickmore,rbickmore8o@imgur.com,96436594241,false,2021-09-16,2021-09-17
Abbie,Wahlberg,awahlberg8p@ft.com,88036212631,true,2021-09-18,2021-09-19
Katey,Garstan,kgarstan8q@ox.ac.uk,74551354471,false,2021-09-20,2021-09-21
Magnum,Garrie,mgarrie8r@accuweather.com,72543899151,false,2021-09-22,2021-09-23
Kippie,Rollett,krollett8s@bloglovin.com,48591156731,true,2021-09-24,2021-09-25
Timmie,Lammertz,tlammertz8t@dell.com,80562242671,false,2021-09-26,2021-09-27
Noam,Bridewell,nbridewell8u@domainmarket.com,36560261691,true,2021-09-28,2021-09-29
Elora,Dagwell,edagwell8v@bravesites.com,92750073821,true,2021-09-30,2021-10-01
Cyndie,Le Gall,clegall8w@deviantart.com,57460347461,true,2021-10-02,2021-10-03
Sofia,Stannah,sstannah8x@webmd.com,75576376871,false,2021-10-04,2021-10-05
Maria,Goundry,mgoundry8y@usatoday.com,76481918051,true,2021-10-06,2021-10-07
Blondell,Girardey,bgirardey8z@miibeian.gov.cn,39277624511,false,2021-10-08,2021-10-09
Natalee,Le Estut,nleestut90@nsw.gov.au,17414838711,false,2021-10-10,2021-10-11
Horst,Pucknell,hpucknell91@domainmarket.com,60423192601,false,2021-10-12,2021-10-13
Isadora,Lugard,ilugard92@tiny.cc,63966644491,false,2021-10-14,2021-10-15
Nikoletta,Queyeiro,nqueyeiro93@cloudflare.com,47160447561,false,2021-10-16,2021-10-17
Garry,Lamey,glamey94@51.la,27928366301,false,2021-10-18,2021-10-19
Joanna,Klosges,jklosges95@google.nl,74422047041,true,2021-10-20,2021-10-21
Milton,Butterfint,mbutterfint96@java.com,35657103551,true,2021-10-22,2021-10-23
Bibi,Warnock,bwarnock97@odnoklassniki.ru,42366896031,false,2021-10-24,2021-10-25
Dacia,Philippsohn,dphilippsohn98@dion.ne.jp,37286900741,true,2021-10-26,2021-10-27
Calli,Challin,cchallin99@ca.gov,77831038821,true,2021-10-28,2021-10-29
Artemis,Brine,abrine9a@nih.gov,17616252781,false,2021-10-30,2021-10-31
Pippa,Domenici,pdomenici9b@hugedomains.com,96312962441,false,2021-11-01,2021-11-02
Whitney,Hemms,whemms9c@yale.edu,33140341981,false,2021-11-03,2021-11-04
Dale,Reeken,dreeken9d@uol.com.br,98374791601,false,2021-11-05,2021-11-06
Ezequiel,Hazart,ehazart9e@prweb.com,20541031941,true,2021-11-07,2021-11-08
Jenilee,McFall,jmcfall9f@amazon.de,86929522091,true,2021-11-09,2021-11-10
Lewiss,Kerfoot,lkerfoot9g@blogtalkradio.com,42117981341,false,2021-11-11,2021-11-12
Chrissie,Estevez,cestevez9h@apple.com,22112417181,false,2021-11-13,2021-11-14
Charisse,Quiddington,cquiddington9i@freewebs.com,55057254191,true,2021-11-15,2021-11-16
Jack,Pallas,jpallas9j@taobao.com,99991643951,false,2021-11-17,2021-11-18
Baillie,Millson,bmillson9k@nsw.gov.au,76113958591,false,2021-11-19,2021-11-20
Shel,Livock,slivock9l@soup.io,44450825211,true,2021-11-21,2021-11-22
Pippa,Le Breton De La Vieuville,plebretondelavieuville9m@amazonaws.com,84536841761,true,2021-11-23,2021-11-24
Munroe,Filipponi,mfilipponi9n@aol.com,19687534941,false,2021-11-25,2021-11-26
Delly,McIntee,dmcintee9o@earthlink.net,52921470321,false,2021-11-27,2021-11-28
Skye,Crimpe,scrimpe9p@1688.com,54340114581,true,2021-11-29,2021-11-30
Rickie,Hugnot,rhugnot9q@chron.com,45189980371,true,2021-12-01,2021-12-02
Lin,Cargill,lcargill9r@stanford.edu,32377336221,false,2021-12-03,2021-12-04
Lemmie,Charkham,lcharkham9s@desdev.cn,59098649941,false,2021-12-05,2021-12-06
Wendel,Mullally,wmullally9t@51.la,83440422141,false,2021-12-07,2021-12-08
Loni,Sayer,lsayer9u@va.gov,60451245611,false,2021-12-09,2021-12-10
Maurizio,Wayper,mwayper9v@bigcartel.com,46456127791,false,2021-12-11,2021-12-12
Manon,Berston,mberston9w@dagondesign.com,97420611061,true,2021-12-13,2021-12-14
Algernon,Morsley,amorsley9x@google.nl,26263185591,true,2021-12-15,2021-12-16
Herold,Ellingsworth,hellingsworth9y@disqus.com,99599418031,true,2021-12-17,2021-12-18
Francisca,Jess,fjess9z@nba.com,78129175371,true,2021-12-19,2021-12-20
Alfie,Darrigoe,adarrigoea0@shinystat.com,57398554871,true,2021-12-21,2021-12-22
Violet,Chansonnau,vchansonnaua1@deviantart.com,99028081241,false,2021-12-23,2021-12-24
Carmella,Degli Abbati,cdegliabbatia2@creativecommons.org,14624918151,false,2021-12-25,2021-12-26
Gale,Arran,garrana3@opensource.org,70122752791,true,2021-12-27,2021-12-28
Erma,Count,ecounta4@phpbb.com,12612087741,true,2021-12-29,2021-12-30
Karalee,Pee,kpeea5@github.io,60226105041,false,2021-12-31,2022-01-01
Ewart,Grimmolby,egrimmolbya6@nytimes.com,35460138461,true,2022-01-02,2022-01-03
Lev,Jentges,ljentgesa7@comsenz.com,30969408131,true,2022-01-04,2022-01-05
Lucila,Coxall,lcoxalla8@so-net.ne.jp,66723486661,false,2022-01-06,2022-01-07
Orren,Sartain,osartaina9@nyu.edu,34245027851,false,2022-01-08,2022-01-09
Anabel,Heller,ahelleraa@ucla.edu,86410426931,true,2022-01-10,2022-01-11
Melisse,Hanfrey,mhanfreyab@mozilla.com,68495002741,false,2022-01-12,2022-01-13
Malorie,Catlow,mcatlowac@vinaora.com,74985068931,false,2022-01-14,2022-01-15
Virginie,Dowzell,vdowzellad@patch.com,84522679271,true,2022-01-16,2022-01-17
Geoffry,Garoghan,ggaroghanae@blinklist.com,27969411271,false,2022-01-18,2022-01-19
Bebe,Hotson,bhotsonaf@accuweather.com,65130363781,false,2022-01-20,2022-01-21
Zackariah,Malling,zmallingag@fotki.com,77754570571,true,2022-01-22,2022-01-23
Hildy,Doig,hdoigah@wix.com,81484407611,false,2022-01-24,2022-01-25
Candi,Wolfenden,cwolfendenai@cafepress.com,53795805351,true,2022-01-26,2022-01-27
Holmes,Bartel,hbartelaj@mail.ru,27682267571,true,2022-01-28,2022-01-29
Carilyn,Osmar,cosmarak@wsj.com,17098187281,true,2022-01-30,2022-01-31
Rubi,Yacobsohn,ryacobsohnal@last.fm,41163790211,true,2022-02-01,2022-02-02
Guss,Crathorne,gcrathorneam@amazon.de,55523126601,false,2022-02-03,2022-02-04
Emlynn,Dominec,edominecan@pagesperso-orange.fr,50185213871,true,2022-02-05,2022-02-06
Lorinda,Kytley,lkytleyao@indiegogo.com,36063301741,true,2022-02-07,2022-02-08
Sebastien,MacGow,smacgowap@noaa.gov,70391876921,true,2022-02-09,2022-02-10
Harry,Brattan,hbrattanaq@berkeley.edu,73961322991,true,2022-02-11,2022-02-12
Shandie,Nolte,snoltear@wired.com,80663771231,false,2022-02-13,2022-02-14
Archibald,Gulc,agulcas@pagesperso-orange.fr,25719874721,false,2022-02-15,2022-02-16
Christalle,Cuesta,ccuestaat@boston.com,89664665001,true,2022-02-17,2022-02-18
Jacobo,Vonasek,jvonasekau@jigsy.com,36863189271,false,2022-02-19,2022-02-20
Cilka,Riedel,criedelav@amazonaws.com,80094109111,false,2022-02-21,2022-02-22
Cindi,Wasbrough,cwasbroughaw@tiny.cc,88679922711,false,2022-02-23,2022-02-24
Cosme,Meech,cmeechax@shareasale.com,70181320991,true,2022-02-25,2022-02-26
Aloise,McGawn,amcgawnay@ft.com,36755505281,true,2022-02-27,2022-02-28
Gavra,Ferenczi,gferencziaz@umn.edu,95173047011,false,2022-03-01,2022-03-02
Cinda,Wisbey,cwisbeyb0@sohu.com,34048240491,false,2022-03-03,2022-03-04
Ida,Boyes,iboyesb1@china.com.cn,13683470761,false,2022-03-05,2022-03-06
Silvanus,Burnard,sburnardb2@vimeo.com,56835354761,true,2022-03-07,2022-03-08
Minda,Bordone,mbordoneb3@shinystat.com,12232266461,false,2022-03-09,2022-03-10
Ambrose,Battrum,abattrumb4@over-blog.com,12446748951,false,2022-03-11,2022-03-12
Charis,Gerger,cgergerb5@tumblr.com,50010946301,true,2022-03-13,2022-03-14
Whitby,Piscot,wpiscotb6@mac.com,79598159141,false,2022-03-15,2022-03-16
Byram,Kaasmann,bkaasmannb7@google.com.au,26380377831,true,2022-03-17,2022-03-18
Emelyne,Gyver,egyverb8@yale.edu,30821642481,false,2022-03-19,2022-03-20
Tirrell,Damant,tdamantb9@moonfruit.com,63541669071,true,2022-03-21,2022-03-22
Abrahan,Redrup,aredrupba@hostgator.com,97654220911,false,2022-03-23,2022-03-24
Janaya,Sanchiz,jsanchizbb@kickstarter.com,45551129181,false,2022-03-25,2022-03-26
Melitta,Burchnall,mburchnallbc@tuttocitta.it,16991703251,true,2022-03-27,2022-03-28
Valeda,Stilldale,vstilldalebd@barnesandnoble.com,50715797251,false,2022-03-29,2022-03-30
Jerrylee,Joslin,jjoslinbe@hexun.com,41358597101,true,2022-03-31,2022-04-01
Jack,Chesher,jchesherbf@t-online.de,67084690881,false,2022-04-02,2022-04-03
Amory,Asey,aaseybg@cnet.com,55917730831,false,2022-04-04,2022-04-05
Farica,Batte,fbattebh@nhs.uk,51573819731,true,2022-04-06,2022-04-07
Nollie,Fearick,nfearickbi@etsy.com,74812672451,false,2022-04-08,2022-04-09
Bogart,Sebley,bsebleybj@weibo.com,66863966831,true,2022-04-10,2022-04-11
Shannon,Lodwig,slodwigbk@google.co.uk,45754380031,false,2022-04-12,2022-04-13
Molly,Tosney,mtosneybl@360.cn,65857268381,false,2022-04-14,2022-04-15
Viviene,McHenry,vmchenrybm@paypal.com,50665689401,true,2022-04-16,2022-04-17
Zollie,Giovanazzi,zgiovanazzibn@e-recht24.de,80348586741,true,2022-04-18,2022-04-19
Lonnie,Loade,lloadebo@sbwire.com,70976292961,true,2022-04-20,2022-04-21
Maitilde,Sample,msamplebp@slideshare.net,20116178291,false,2022-04-22,2022-04-23
Herta,Inglis,hinglisbq@dagondesign.com,46919789871,true,2022-04-24,2022-04-25
Balduin,Shildrick,bshildrickbr@toplist.cz,46194864901,false,2022-04-26,2022-04-27
Angel,McGaughey,amcgaugheybs@sourceforge.net,83074205521,false,2022-04-28,2022-04-29
Kathleen,Zimek,kzimekbt@flickr.com,55885849421,false,2022-04-30,2022-05-01
Camellia,Bywater,cbywaterbu@facebook.com,91044867931,true,2022-05-02,2022-05-03
Billie,Custard,bcustardbv@amazonaws.com,80792562111,true,2022-05-04,2022-05-05
Anderea,Winsley,awinsleybw@csmonitor.com,74453137891,false,2022-05-06,2022-05-07
Leonerd,Proom,lproombx@bloglines.com,27734062061,false,2022-05-08,2022-05-09
Celestyn,Reynard,creynardby@technorati.com,35357759641,false,2022-05-10,2022-05-11
Mathias,Nucci,mnuccibz@walmart.com,93587320831,true,2022-05-12,2022-05-13
Rasia,Wyant,rwyantc0@kickstarter.com,17197282601,false,2022-05-14,2022-05-15
Barris,Stubley,bstubleyc1@wordpress.com,52369897591,false,2022-05-16,2022-05-17
Gabbi,Bambury,gbamburyc2@bloglovin.com,71751383161,true,2022-05-18,2022-05-19
Evelin,Hannum,ehannumc3@hostgator.com,92190291121,true,2022-05-20,2022-05-21
Jared,Kimmons,jkimmonsc4@nytimes.com,27237562051,false,2022-05-22,2022-05-23
Humphrey,Wakelam,hwakelamc5@4shared.com,41161626741,true,2022-05-24,2022-05-25
Agnesse,Over,aoverc6@prlog.org,64666030471,true,2022-05-26,2022-05-27
Freda,Buttner,fbuttnerc7@myspace.com,20264169271,true,2022-05-28,2022-05-29
Myriam,Bruyet,mbruyetc8@patch.com,44628387761,false,2022-05-30,2022-05-31
Claiborn,Klassman,cklassmanc9@dropbox.com,70547153721,false,2022-06-01,2022-06-02
Riane,Etuck,retuckca@nps.gov,52191265851,false,2022-06-03,2022-06-04
Gabrila,Lamond,glamondcb@guardian.co.uk,69953048661,true,2022-06-05,2022-06-06
Erny,Lortzing,elortzingcc@paypal.com,14175501361,false,2022-06-07,2022-06-08
Jarvis,Ghiraldi,jghiraldicd@unblog.fr,35185069641,false,2022-06-09,2022-06-10
Adorne,Wilman,awilmance@shinystat.com,35233097301,false,2022-06-11,2022-06-12
Shep,Franceschino,sfranceschinocf@wisc.edu,71617809731,false,2022-06-13,2022-06-14
Aylmar,Duckerin,aduckerincg@mit.edu,30347139021,true,2022-06-15,2022-06-16
Rabbi,Wrathall,rwrathallch@51.la,65161262221,true,2022-06-17,2022-06-18
Noni,Rowling,nrowlingci@sun.com,70076299441,false,2022-06-19,2022-06-20
Wiley,Gunther,wgunthercj@com.com,89298795481,true,2022-06-21,2022-06-22
Olympia,Watkins,owatkinsck@spiegel.de,32667755821,false,2022-06-23,2022-06-24
Hannah,Fowells,hfowellscl@msu.edu,90575513131,true,2022-06-25,2022-06-26
Archambault,Ghidelli,aghidellicm@huffingtonpost.com,90392496351,false,2022-06-27,2022-06-28
Chaddie,Schechter,cschechtercn@freewebs.com,56724884501,true,2022-06-29,2022-06-30
Janenna,Wigin,jwiginco@amazon.co.jp,88530025741,true,2022-07-01,2022-07-02
Henrieta,Vinnicombe,hvinnicombecp@princeton.edu,46088550821,false,2022-07-03,2022-07-04
Jessalin,Donnan,jdonnancq@altervista.org,33815915521,true,2022-07-05,2022-07-06
Aggi,Packham,apackhamcr@shutterfly.com,53695186161,true,2022-07-07,2022-07-08
Valentina,Ziemecki,vziemeckics@archive.org,59974459181,true,2022-07-09,2022-07-10
Care,Dolden,cdoldenct@cbc.ca,55162687111,true,2022-07-11,2022-07-12
Cornie,Baylis,cbayliscu@nba.com,20629539381,true,2022-07-13,2022-07-14
Laurie,Aspland,lasplandcv@tiny.cc,47273062391,true,2022-07-15,2022-07-16
Benton,Greenrde,bgreenrdecw@archive.org,45324680301,true,2022-07-17,2022-07-18
Jelene,Griss,jgrisscx@sfgate.com,43072755051,true,2022-07-19,2022-07-20
Rolando,Gurnett,rgurnettcy@cloudflare.com,34939485271,true,2022-07-21,2022-07-22
Maggee,Charkham,mcharkhamcz@naver.com,16525798071,true,2022-07-23,2022-07-24
Allis,Houseago,ahouseagod0@cmu.edu,11732990491,false,2022-07-25,2022-07-26
Genevra,Fitchet,gfitchetd1@blogspot.com,65091032521,true,2022-07-27,2022-07-28
Aron,Heninghem,aheninghemd2@altervista.org,95031284631,true,2022-07-29,2022-07-30
Chadd,Bangs,cbangsd3@chron.com,81873668601,true,2022-07-31,2022-08-01
Flin,Nares,fnaresd4@sciencedirect.com,19015261051,false,2022-08-02,2022-08-03
Dorey,Febry,dfebryd5@wufoo.com,52389618581,false,2022-08-04,2022-08-05
Jone,Tuite,jtuited6@ameblo.jp,33583208611,true,2022-08-06,2022-08-07
Hector,Verillo,hverillod7@aboutads.info,72140356651,false,2022-08-08,2022-08-09
Nicki,McCarrell,nmccarrelld8@nasa.gov,75229973791,true,2022-08-10,2022-08-11
Sawyere,Lardge,slardged9@newsvine.com,70279045311,true,2022-08-12,2022-08-13
Debee,Windross,dwindrossda@sina.com.cn,79186484601,true,2022-08-14,2022-08-15
Iolanthe,Rammell,irammelldb@hexun.com,29522724271,true,2022-08-16,2022-08-17
Sarita,Clawson,sclawsondc@joomla.org,16861828041,false,2022-08-18,2022-08-19
Merle,Taylot,mtaylotdd@quantcast.com,77117046371,false,2022-08-20,2022-08-21
Katie,Rickertsen,krickertsende@sohu.com,27263468871,false,2022-08-22,2022-08-23
Flemming,Han,fhandf@weibo.com,57245493491,true,2022-08-24,2022-08-25
Carmelle,Schechter,cschechterdg@virginia.edu,81856547021,false,2022-08-26,2022-08-27
Fayth,Pyke,fpykedh@cocolog-nifty.com,42963472821,false,2022-08-28,2022-08-29
Arturo,Elener,aelenerdi@theguardian.com,94286191981,true,2022-08-30,2022-08-31
Mel,Allridge,mallridgedj@wikia.com,33165666641,true,2022-09-01,2022-09-02
Anselma,Stannis,astannisdk@liveinternet.ru,43875303971,false,2022-09-03,2022-09-04
Marnie,Banger,mbangerdl@theglobeandmail.com,44226200131,true,2022-09-05,2022-09-06
Rasia,Beetlestone,rbeetlestonedm@oakley.com,60444561451,false,2022-09-07,2022-09-08
Coreen,Dallimore,cdallimoredn@europa.eu,74011495381,false,2022-09-09,2022-09-10
Tomaso,Kidwell,tkidwelldo@bloglines.com,55722342961,false,2022-09-11,2022-09-12
Maxie,Agg,maggdp@flavors.me,87022564321,false,2022-09-13,2022-09-14
Woodman,Ruckhard,wruckharddq@google.co.jp,40175152521,false,2022-09-15,2022-09-16
Raye,Gouge,rgougedr@huffingtonpost.com,98517832631,false,2022-09-17,2022-09-18
Syman,Standbridge,sstandbridgeds@php.net,80483028571,false,2022-09-19,2022-09-20
Binny,Keech,bkeechdt@comsenz.com,40835865231,false,2022-09-21,2022-09-22
Emelita,Kaas,ekaasdu@amazon.com,40494159761,true,2022-09-23,2022-09-24
Corinna,Blundan,cblundandv@elegantthemes.com,85152131661,false,2022-09-25,2022-09-26
Caitlin,Tremblet,ctrembletdw@booking.com,60753281361,false,2022-09-27,2022-09-28
Leontyne,Swanston,lswanstondx@phpbb.com,92788834311,false,2022-09-29,2022-09-30
Katie,Kettlesing,kkettlesingdy@quantcast.com,31827555861,true,2022-10-01,2022-10-02
Margarete,Dodworth,mdodworthdz@wired.com,73420702871,true,2022-10-03,2022-10-04
Thornie,Stopher,tstophere0@nhs.uk,29654224341,true,2022-10-05,2022-10-06
Windham,Fevers,wfeverse1@cisco.com,54343375151,false,2022-10-07,2022-10-08
Rhodia,Dorbon,rdorbone2@si.edu,78465607541,false,2022-10-09,2022-10-10
Grannie,Gove,ggovee3@fotki.com,92842014941,false,2022-10-11,2022-10-12
Ervin,Hankard,ehankarde4@google.com.hk,56324054001,false,2022-10-13,2022-10-14
Tanny,Coley,tcoleye5@ucoz.ru,22980709461,false,2022-10-15,2022-10-16
Orv,McTeggart,omcteggarte6@homestead.com,12565136851,false,2022-10-17,2022-10-18
Gustav,Poone,gpoonee7@illinois.edu,27687892211,true,2022-10-19,2022-10-20
Maurizia,MacGillivrie,mmacgillivriee8@com.com,69277851751,false,2022-10-21,2022-10-22
Zach,Fish,zfishe9@odnoklassniki.ru,38839214781,true,2022-10-23,2022-10-24
Ivette,Buckel,ibuckelea@wikia.com,67017297421,true,2022-10-25,2022-10-26
Yule,Gyver,ygyvereb@ucoz.com,67475320521,true,2022-10-27,2022-10-28
Horten,Deddum,hdeddumec@homestead.com,17770024541,true,2022-10-29,2022-10-30
Olga,Akker,oakkered@furl.net,16415780821,false,2022-10-31,2022-11-01
Jazmin,Zoren,jzorenee@princeton.edu,33885544391,false,2022-11-02,2022-11-03
Marve,Puffett,mpuffettef@economist.com,40297808521,true,2022-11-04,2022-11-05
Tristan,Mardee,tmardeeeg@blinklist.com,25770853401,false,2022-11-06,2022-11-07
Gabie,Roots,grootseh@altervista.org,32451943941,false,2022-11-08,2022-11-09
Xena,Elwel,xelwelei@wikipedia.org,52153477201,false,2022-11-10,2022-11-11
Stafford,Wholesworth,swholesworthej@arizona.edu,17525415351,true,2022-11-12,2022-11-13
Iona,Hardan,ihardanek@princeton.edu,13986098551,true,2022-11-14,2022-11-15
Iolande,Pavelin,ipavelinel@home.pl,68733247871,false,2022-11-16,2022-11-17
Hanny,Shillito,hshillitoem@vkontakte.ru,47850369841,true,2022-11-18,2022-11-19
Phaedra,Garrick,pgarricken@accuweather.com,67111379861,false,2022-11-20,2022-11-21
Granger,Strond,gstrondeo@china.com.cn,88955667621,true,2022-11-22,2022-11-23
Codee,Arnke,carnkeep@discuz.net,51325863581,false,2022-11-24,2022-11-25
Alleyn,Benedite,abenediteeq@scribd.com,44936972061,true,2022-11-26,2022-11-27
Berkie,Cleft,bclefter@shinystat.com,49417620931,true,2022-11-28,2022-11-29
Norry,Goncaves,ngoncaveses@usda.gov,89620803291,true,2022-11-30,2022-12-01
Garrett,Catley,gcatleyet@hatena.ne.jp,92678102301,true,2022-12-02,2022-12-03
Mari,Darell,mdarelleu@mozilla.org,83410055901,false,2022-12-04,2022-12-05
Beatriz,Blueman,bbluemanev@icio.us,26076838771,false,2022-12-06,2022-12-07
Ciel,Marsland,cmarslandew@yellowpages.com,10339600611,false,2022-12-08,2022-12-09
Ermin,Pechan,epechanex@wiley.com,23090238001,true,2022-12-10,2022-12-11
Kira,D'Oyley,kdoyleyey@house.gov,11068320561,true,2022-12-12,2022-12-13
Neille,Heinreich,nheinreichez@booking.com,56891571361,true,2022-12-14,2022-12-15
Bjorn,Dubble,bdubblef0@tiny.cc,74269976751,false,2022-12-16,2022-12-17
Cathrin,Musgrove,cmusgrovef1@networkadvertising.org,94538862831,false,2022-12-18,2022-12-19
Winnie,Sigart,wsigartf2@hud.gov,92565634141,false,2022-12-20,2022-12-21
Kendell,Sebright,ksebrightf3@addthis.com,60766723101,true,2022-12-22,2022-12-23
Lilah,Stainbridge,lstainbridgef4@virginia.edu,91559130291,true,2022-12-24,2022-12-25
Tybalt,Meakes,tmeakesf5@wikia.com,52689025061,false,2022-12-26,2022-12-27
Jens,Coneron,jconeronf6@xrea.com,27894665281,true,2022-12-28,2022-12-29
Skipton,Pentin,spentinf7@berkeley.edu,94241687891,false,2022-12-30,2022-12-31
Curr,Caddy,ccaddyf8@amazon.de,97774380991,false,2023-01-01,2023-01-02
Krishnah,Stronach,kstronachf9@vinaora.com,80246445301,true,2023-01-03,2023-01-04
Jeralee,MacTrustie,jmactrustiefa@cdbaby.com,31297853741,true,2023-01-05,2023-01-06
Durward,Swadlen,dswadlenfb@wix.com,90047032481,false,2023-01-07,2023-01-08
Kenna,Hacker,khackerfc@umn.edu,77292797751,false,2023-01-09,2023-01-10
Glennis,Heater,gheaterfd@scribd.com,29120515151,true,2023-01-11,2023-01-12
Max,Dillestone,mdillestonefe@google.com,66338425021,false,2023-01-13,2023-01-14
Antonius,Yurukhin,ayurukhinff@imageshack.us,87646814901,false,2023-01-15,2023-01-16
Valdemar,Ramos,vramosfg@harvard.edu,55389550101,true,2023-01-17,2023-01-18
Sheena,Megany,smeganyfh@ezinearticles.com,71557324701,false,2023-01-19,2023-01-20
Brinn,Fenkel,bfenkelfi@t-online.de,77228876081,false,2023-01-21,2023-01-22
Puff,Knotte,pknottefj@state.tx.us,86693800031,false,2023-01-23,2023-01-24
Benedikt,Maplestone,bmaplestonefk@scientificamerican.com,76764826101,false,2023-01-25,2023-01-26
Theodora,Teffrey,tteffreyfl@businessweek.com,75031801591,false,2023-01-27,2023-01-28
Kora,Maly,kmalyfm@admin.ch,28664217731,false,2023-01-29,2023-01-30
Florenza,Peak,fpeakfn@posterous.com,38267536471,false,2023-01-31,2023-02-01
Libbi,Longstreet,llongstreetfo@purevolume.com,16055151871,false,2023-02-02,2023-02-03
Phedra,Vassano,pvassanofp@hp.com,13128533251,false,2023-02-04,2023-02-05
Issiah,Auston,iaustonfq@geocities.com,72748680541,true,2023-02-06,2023-02-07
Hailey,Camings,hcamingsfr@nbcnews.com,56730629971,true,2023-02-08,2023-02-09
Brendon,Alasdair,balasdairfs@cloudflare.com,97079536051,true,2023-02-10,2023-02-11
Sauncho,Goodbourn,sgoodbournft@nbcnews.com,25337897161,true,2023-02-12,2023-02-13
Araldo,Aspenlon,aaspenlonfu@edublogs.org,72771041281,false,2023-02-14,2023-02-15
Teirtza,Shurville,tshurvillefv@hud.gov,13557206821,false,2023-02-16,2023-02-17
Nollie,Culkin,nculkinfw@twitpic.com,26338510391,true,2023-02-18,2023-02-19
Maury,O'Hengerty,mohengertyfx@fema.gov,83626707261,false,2023-02-20,2023-02-21
Helene,Ciraldo,hciraldofy@cnbc.com,69492520951,false,2023-02-22,2023-02-23
Meir,Radin,mradinfz@marketwatch.com,63537996961,true,2023-02-24,2023-02-25
Corrine,Crandon,ccrandong0@360.cn,33458621051,false,2023-02-26,2023-02-27
Marleen,Thickin,mthicking1@nifty.com,94831161811,false,2023-02-28,2023-03-01
Con,Bertolin,cbertoling2@google.com.hk,78444986131,true,2023-03-02,2023-03-03
Nannette,Champ,nchampg3@trellian.com,61072308451,true,2023-03-04,2023-03-05
Richmound,Jewett,rjewettg4@blogspot.com,34693240511,true,2023-03-06,2023-03-07
Kameko,Trayes,ktrayesg5@cargocollective.com,55282782031,false,2023-03-08,2023-03-09
Rey,Philpott,rphilpottg6@histats.com,32945096301,false,2023-03-10,2023-03-11
Koren,D'Alesco,kdalescog7@xrea.com,66246838131,true,2023-03-12,2023-03-13
Grete,Trowel,gtrowelg8@oracle.com,40892894921,false,2023-03-14,2023-03-15
Verna,Cannicott,vcannicottg9@e-recht24.de,62648692081,true,2023-03-16,2023-03-17
Garnette,Bosward,gboswardga@usa.gov,49438963391,false,2023-03-18,2023-03-19
Odetta,Honywill,ohonywillgb@psu.edu,53039929881,true,2023-03-20,2023-03-21
Loralyn,Fills,lfillsgc@whitehouse.gov,55875376291,true,2023-03-22,2023-03-23
Marjy,Hummerston,mhummerstongd@homestead.com,80372348201,false,2023-03-24,2023-03-25
Cacilie,Lintall,clintallge@si.edu,16771642301,false,2023-03-26,2023-03-27
Reinwald,Olander,rolandergf@last.fm,57777572571,false,2023-03-28,2023-03-29
Dorey,Leahy,dleahygg@ucla.edu,93683909061,true,2023-03-30,2023-03-31
Urbano,Dearnaley,udearnaleygh@flavors.me,20340584541,true,2023-04-01,2023-04-02
Daloris,Trussler,dtrusslergi@icq.com,32896429271,false,2023-04-03,2023-04-04
Zeb,Dunkerly,zdunkerlygj@globo.com,44634782271,false,2023-04-05,2023-04-06
Carolynn,Schade,cschadegk@biglobe.ne.jp,37929123861,true,2023-04-07,2023-04-08
Erie,Parlett,eparlettgl@cnn.com,75894862521,false,2023-04-09,2023-04-10
Cristal,Tetther,ctetthergm@ucoz.ru,12789033781,false,2023-04-11,2023-04-12
Faye,Sollom,fsollomgn@hatena.ne.jp,46045301271,true,2023-04-13,2023-04-14
Patsy,Sparrowe,psparrowego@wordpress.org,91793349851,false,2023-04-15,2023-04-16
Lee,Aldersey,lalderseygp@sakura.ne.jp,85833761811,false,2023-04-17,2023-04-18
Rycca,Dowling,rdowlinggq@xrea.com,89584295431,false,2023-04-19,2023-04-20
Paolo,Goldhawk,pgoldhawkgr@nps.gov,58463018571,false,2023-04-21,2023-04-22
Orella,Rowbotham,orowbothamgs@histats.com,83621000611,true,2023-04-23,2023-04-24
Tamqrah,O'Nions,tonionsgt@sogou.com,69910232531,false,2023-04-25,2023-04-26
Sheppard,Bloodworth,sbloodworthgu@ucoz.com,72021510181,true,2023-04-27,2023-04-28
Brett,Morgen,bmorgengv@spotify.com,20148452371,false,2023-04-29,2023-04-30
Sheffield,Haveline,shavelinegw@wikia.com,72272205451,false,2023-05-01,2023-05-02
Reube,Aitkenhead,raitkenheadgx@toplist.cz,52095070551,false,2023-05-03,2023-05-04
Shawn,Whyborne,swhybornegy@lycos.com,62647728401,true,2023-05-05,2023-05-06
Elihu,Gorce,egorcegz@ted.com,14168091401,true,2023-05-07,2023-05-08
Constantin,Greatreax,cgreatreaxh0@foxnews.com,71245267381,true,2023-05-09,2023-05-10
Lauree,Noorwood,lnoorwoodh1@posterous.com,78943746261,true,2023-05-11,2023-05-12
Cherri,Lightfoot,clightfooth2@omniture.com,68424823551,false,2023-05-13,2023-05-14
Melisse,Janaszewski,mjanaszewskih3@eventbrite.com,50781138121,true,2023-05-15,2023-05-16
Jacinta,Lehr,jlehrh4@answers.com,96058807091,true,2023-05-17,2023-05-18
Dominic,Plet,dpleth5@skype.com,40158458731,false,2023-05-19,2023-05-20
Arlyn,Baudichon,abaudichonh6@army.mil,19055376001,false,2023-05-21,2023-05-22
Steffane,Bowsher,sbowsherh7@imgur.com,28274508631,true,2023-05-23,2023-05-24
Di,Champkins,dchampkinsh8@free.fr,57749013651,true,2023-05-25,2023-05-26
Calli,Castagne,ccastagneh9@google.nl,60442927911,true,2023-05-27,2023-05-28
Liza,Roderigo,lroderigoha@bing.com,51267249691,true,2023-05-29,2023-05-30
Bertie,Wartonby,bwartonbyhb@rakuten.co.jp,82068062201,false,2023-05-31,2023-06-01
Carry,Sextie,csextiehc@taobao.com,47855142081,false,2023-06-02,2023-06-03
Hube,Birley,hbirleyhd@constantcontact.com,26621346121,true,2023-06-04,2023-06-05
Carri,McFadden,cmcfaddenhe@cpanel.net,65362367221,true,2023-06-06,2023-06-07
Merrily,Izachik,mizachikhf@yale.edu,38937757151,true,2023-06-08,2023-06-09
Addia,Flippelli,aflippellihg@toplist.cz,89819964371,false,2023-06-10,2023-06-11
Bethena,Osgar,bosgarhh@simplemachines.org,80687803111,false,2023-06-12,2023-06-13
Cahra,Kettlestring,ckettlestringhi@indiegogo.com,28283742611,false,2023-06-14,2023-06-15
Madelle,Wilbud,mwilbudhj@jiathis.com,73835803081,true,2023-06-16,2023-06-17
Alfreda,Absolem,aabsolemhk@is.gd,92510495451,true,2023-06-18,2023-06-19
Trixy,Chesterman,tchestermanhl@slate.com,17354500411,true,2023-06-20,2023-06-21
Kris,Blandamore,kblandamorehm@youtu.be,81985461591,false,2023-06-22,2023-06-23
Thomasin,Folder,tfolderhn@oracle.com,29117203391,true,2023-06-24,2023-06-25
Farris,Valder,fvalderho@fastcompany.com,34390515941,true,2023-06-26,2023-06-27
Phaedra,Robbeke,probbekehp@jiathis.com,96378393801,false,2023-06-28,2023-06-29
Hamlen,Alway,halwayhq@vimeo.com,33915882201,false,2023-06-30,2023-07-01
Morlee,Manifield,mmanifieldhr@godaddy.com,81843247601,true,2023-07-02,2023-07-03
Mab,Acosta,macostahs@sogou.com,50482341141,false,2023-07-04,2023-07-05
Briggs,Brunelli,bbrunelliht@wikia.com,48383063661,true,2023-07-06,2023-07-07
Aluin,Bedbrough,abedbroughhu@reverbnation.com,21135939661,false,2023-07-08,2023-07-09
Anita,Kirdsch,akirdschhv@desdev.cn,22349598071,true,2023-07-10,2023-07-11
Murry,Kippen,mkippenhw@dropbox.com,62184113621,true,2023-07-12,2023-07-13
Arleen,Lougheed,alougheedhx@prlog.org,16176478861,false,2023-07-14,2023-07-15
Eddie,Palatini,epalatinihy@disqus.com,60938010541,true,2023-07-16,2023-07-17
Retha,Janak,rjanakhz@intel.com,13986602111,false,2023-07-18,2023-07-19
Emanuel,Ralston,eralstoni0@psu.edu,77413440881,true,2023-07-20,2023-07-21
Shelba,Haacker,shaackeri1@mayoclinic.com,86294492561,false,2023-07-22,2023-07-23
Gerty,Argent,gargenti2@wikimedia.org,91852653161,true,2023-07-24,2023-07-25
Annecorinne,Charlet,acharleti3@com.com,15435523181,false,2023-07-26,2023-07-27
Odille,Creegan,ocreegani4@newyorker.com,94043758561,false,2023-07-28,2023-07-29
Max,Burbudge,mburbudgei5@timesonline.co.uk,24954852231,true,2023-07-30,2023-07-31
Nilson,Ruller,nrulleri6@cbc.ca,31490284411,true,2023-08-01,2023-08-02
Elisha,Lafayette,elafayettei7@istockphoto.com,25316422621,true,2023-08-03,2023-08-04
Rooney,Randles,rrandlesi8@infoseek.co.jp,58154825431,false,2023-08-05,2023-08-06
Fabiano,Ginnane,fginnanei9@hc360.com,78273695611,true,2023-08-07,2023-08-08
Boonie,Curl,bcurlia@prnewswire.com,82815105931,true,2023-08-09,2023-08-10
Ginnifer,Groome,ggroomeib@buzzfeed.com,17489424931,true,2023-08-11,2023-08-12
Lynna,Joska,ljoskaic@ning.com,75844065261,false,2023-08-13,2023-08-14
Brannon,Danson,bdansonid@free.fr,41312115691,false,2023-08-15,2023-08-16
Netty,Schnieder,nschniederie@ca.gov,55228388881,true,2023-08-17,2023-08-18
Roanna,Reinisch,rreinischif@paginegialle.it,36116893181,true,2023-08-19,2023-08-20
Shir,Abelwhite,sabelwhiteig@newsvine.com,47548660081,false,2023-08-21,2023-08-22
Berke,Fleeman,bfleemanih@cdbaby.com,85025432341,true,2023-08-23,2023-08-24
Clair,Hordell,chordellii@cpanel.net,19336260251,false,2023-08-25,2023-08-26
Vincenz,Godspede,vgodspedeij@npr.org,76990053341,true,2023-08-27,2023-08-28
Tania,Feitosa,tfeitosaik@who.int,27462226751,true,2023-08-29,2023-08-30
Norry,Cork,ncorkil@tinyurl.com,97743174151,true,2023-08-31,2023-09-01
Dorie,Maile,dmaileim@psu.edu,96479920581,true,2023-09-02,2023-09-03
Mirabella,Antuoni,mantuoniin@nydailynews.com,98510465181,false,2023-09-04,2023-09-05
Bartholomeo,Kensley,bkensleyio@redcross.org,25876259791,true,2023-09-06,2023-09-07
Leslie,Zamora,lzamoraip@gnu.org,93844666851,true,2023-09-08,2023-09-09
Forrest,Pennrington,fpennringtoniq@webs.com,63278025041,false,2023-09-10,2023-09-11
Sapphire,Kabsch,skabschir@archive.org,64786112511,false,2023-09-12,2023-09-13
Mel,Carl,mcarlis@intel.com,56034156621,true,2023-09-14,2023-09-15
Del,Wrefford,dwreffordit@exblog.jp,37871512871,true,2023-09-16,2023-09-17
Bennie,Thornthwaite,bthornthwaiteiu@bandcamp.com,21227150651,false,2023-09-18,2023-09-19
Allyce,Drogan,adroganiv@usda.gov,51172752451,false,2023-09-20,2023-09-21
Faydra,Nevins,fnevinsiw@globo.com,18425077761,false,2023-09-22,2023-09-23
Grannie,Hamon,ghamonix@msu.edu,71838472531,true,2023-09-24,2023-09-25
Eli,Ferrotti,eferrottiiy@ycombinator.com,29613558651,true,2023-09-26,2023-09-27
Jacquette,Bote,jboteiz@patch.com,48591723801,false,2023-09-28,2023-09-29
Janine,Cadamy,jcadamyj0@smh.com.au,54051383371,false,2023-09-30,2023-10-01
Aline,Metcalf,ametcalfj1@last.fm,91012826061,false,2023-10-02,2023-10-03
Sigismond,Dudill,sdudillj2@squidoo.com,50780627971,false,2023-10-04,2023-10-05
Nicholas,Farmery,nfarmeryj3@comcast.net,62743047851,true,2023-10-06,2023-10-07
Alicia,Wank,awankj4@vimeo.com,78593254191,true,2023-10-08,2023-10-09
Verne,Athelstan,vathelstanj5@prweb.com,59775055041,true,2023-10-10,2023-10-11
Stafford,Morfield,smorfieldj6@ft.com,89839088941,false,2023-10-12,2023-10-13
Kara-lynn,Brandassi,kbrandassij7@bizjournals.com,60095544041,true,2023-10-14,2023-10-15
Abba,Arger,aargerj8@businesswire.com,15259824381,false,2023-10-16,2023-10-17
Michele,Jeays,mjeaysj9@unicef.org,10151026261,false,2023-10-18,2023-10-19
Garey,Fake,gfakeja@histats.com,80925502011,false,2023-10-20,2023-10-21
Llywellyn,Jorez,ljorezjb@hexun.com,21840070771,false,2023-10-22,2023-10-23
Reagen,Oloman,rolomanjc@google.com.hk,71937810691,false,2023-10-24,2023-10-25
Sosanna,Haydon,shaydonjd@businesswire.com,22680311711,true,2023-10-26,2023-10-27
Denni,Darlow,ddarlowje@nasa.gov,35379461261,true,2023-10-28,2023-10-29
Rhetta,Chestney,rchestneyjf@tiny.cc,56985848581,true,2023-10-30,2023-10-31
Derby,Ziems,dziemsjg@usgs.gov,75777227891,false,2023-11-01,2023-11-02
Nolly,Twelves,ntwelvesjh@omniture.com,89629285881,false,2023-11-03,2023-11-04
Valida,Dufaire,vdufaireji@tripadvisor.com,76644689831,false,2023-11-05,2023-11-06
Orson,Impleton,oimpletonjj@printfriendly.com,57029353381,false,2023-11-07,2023-11-08
Aline,Shreenan,ashreenanjk@free.fr,49072048151,true,2023-11-09,2023-11-10
Hayyim,Philippson,hphilippsonjl@nature.com,73263318651,false,2023-11-11,2023-11-12
Brodie,Pigford,bpigfordjm@123-reg.co.uk,58659987031,false,2023-11-13,2023-11-14
Pepita,Muzzillo,pmuzzillojn@elegantthemes.com,28891664741,false,2023-11-15,2023-11-16
Doralyn,Karpets,dkarpetsjo@unc.edu,86311199491,true,2023-11-17,2023-11-18
Dulciana,MacKenney,dmackenneyjp@apple.com,47671898701,false,2023-11-19,2023-11-20
Temp,Guisler,tguislerjq@fema.gov,32870007851,false,2023-11-21,2023-11-22
Guss,Conibere,gconiberejr@un.org,69040566161,true,2023-11-23,2023-11-24
Jeannette,Godwyn,jgodwynjs@nymag.com,27541944671,false,2023-11-25,2023-11-26
Rolland,Rooksby,rrooksbyjt@comsenz.com,80465918921,false,2023-11-27,2023-11-28
Gale,Tooth,gtoothju@sciencedirect.com,22554639991,false,2023-11-29,2023-11-30
Roddie,Tilley,rtilleyjv@wikia.com,77367723491,true,2023-12-01,2023-12-02
Susann,Kensit,skensitjw@sfgate.com,55224878731,true,2023-12-03,2023-12-04
Hoebart,Malthus,hmalthusjx@google.es,21155733081,false,2023-12-05,2023-12-06
Kacey,Exley,kexleyjy@eepurl.com,61279756201,false,2023-12-07,2023-12-08
Nev,Leachman,nleachmanjz@paginegialle.it,17060016131,false,2023-12-09,2023-12-10
Carmela,Thame,cthamek0@1688.com,73050551791,false,2023-12-11,2023-12-12
Kimball,Kummerlowe,kkummerlowek1@t-online.de,80925441651,false,2023-12-13,2023-12-14
Kally,Jollye,kjollyek2@cdbaby.com,33981883511,false,2023-12-15,2023-12-16
Nadya,Taffarello,ntaffarellok3@imdb.com,96188145651,false,2023-12-17,2023-12-18
Conrad,Loeber,cloeberk4@booking.com,20252007481,false,2023-12-19,2023-12-20
Thoma,Chadwell,tchadwellk5@dell.com,15253790611,false,2023-12-21,2023-12-22
Nan,Gallone,ngallonek6@rambler.ru,76997740721,false,2023-12-23,2023-12-24
Rosita,Pinkard,rpinkardk7@vinaora.com,82380560201,false,2023-12-25,2023-12-26
Roma,Canet,rcanetk8@webs.com,77054642831,true,2023-12-27,2023-12-28
Lou,Linfield,llinfieldk9@tumblr.com,14982643251,true,2023-12-29,2023-12-30
Anetta,St Quenin,astqueninka@a8.net,49648840791,true,2023-12-31,2024-01-01
Phylys,Stainbridge,pstainbridgekb@quantcast.com,99176386201,false,2024-01-02,2024-01-03
Jorrie,Salery,jsalerykc@networksolutions.com,79781089771,true,2024-01-04,2024-01-05
Vale,McOwen,vmcowenkd@1und1.de,62519411461,false,2024-01-06,2024-01-07
Shaw,Pappin,spappinke@craigslist.org,32662495801,true,2024-01-08,2024-01-09
Kelly,Biasioni,kbiasionikf@dropbox.com,73232498651,true,2024-01-10,2024-01-11
Patience,Reide,preidekg@epa.gov,70848563131,true,2024-01-12,2024-01-13
Ammamaria,Pasque,apasquekh@bloglovin.com,73221591051,false,2024-01-14,2024-01-15
Muffin,Parminter,mparminterki@cargocollective.com,80415524141,true,2024-01-16,2024-01-17
Osborne,Blackway,oblackwaykj@google.fr,18537115161,false,2024-01-18,2024-01-19
Karol,Chesman,kchesmankk@springer.com,31459984381,false,2024-01-20,2024-01-21
Dulcy,Bruckner,dbrucknerkl@g.co,49394837851,false,2024-01-22,2024-01-23
Erny,Eddowes,eeddoweskm@desdev.cn,58487931461,true,2024-01-24,2024-01-25
Brian,Schinetti,bschinettikn@tinyurl.com,31310256001,false,2024-01-26,2024-01-27
Jasmine,O'Scannill,joscannillko@walmart.com,52765908141,false,2024-01-28,2024-01-29
Jo,Ham,jhamkp@unc.edu,85878877641,false,2024-01-30,2024-01-31
Sherlocke,Furse,sfursekq@twitter.com,50731136531,false,2024-02-01,2024-02-02
Stearn,McCann,smccannkr@stanford.edu,16755097341,true,2024-02-03,2024-02-04
Henrik,Redwood,hredwoodks@1und1.de,39977913181,true,2024-02-05,2024-02-06
Lilllie,Coultous,lcoultouskt@mtv.com,68460692741,true,2024-02-07,2024-02-08
Gabriella,Spancock,gspancockku@ihg.com,61290973501,true,2024-02-09,2024-02-10
Kean,Meneo,kmeneokv@ucla.edu,51318162431,false,2024-02-11,2024-02-12
Shelli,Terrazzo,sterrazzokw@google.co.jp,83816307811,true,2024-02-13,2024-02-14
Daniela,Capstick,dcapstickkx@marriott.com,71659121821,true,2024-02-15,2024-02-16
Reuben,Braxton,rbraxtonky@jimdo.com,50571224411,true,2024-02-17,2024-02-18
Maureen,Gabbat,mgabbatkz@google.fr,93824465931,true,2024-02-19,2024-02-20
Phil,Constantine,pconstantinel0@netvibes.com,63034852831,false,2024-02-21,2024-02-22
Sully,Torald,storaldl1@baidu.com,47330098651,true,2024-02-23,2024-02-24
Lock,Suart,lsuartl2@wikispaces.com,33064931561,true,2024-02-25,2024-02-26
Red,Palister,rpalisterl3@etsy.com,34553072461,true,2024-02-27,2024-02-28
Nev,Bagehot,nbagehotl4@toplist.cz,33896827981,false,2024-02-29,2024-03-01
Julio,Phythien,jphythienl5@irs.gov,13194180751,false,2024-03-02,2024-03-03
Kayle,Donativo,kdonativol6@washington.edu,53461798131,false,2024-03-04,2024-03-05
Grover,Keener,gkeenerl7@simplemachines.org,47767353521,false,2024-03-06,2024-03-07
Dasi,Been,dbeenl8@phpbb.com,50078244391,true,2024-03-08,2024-03-09
Nevin,Dami,ndamil9@1und1.de,59312787251,false,2024-03-10,2024-03-11
Rosanna,Micco,rmiccola@wisc.edu,84559062861,false,2024-03-12,2024-03-13
Klara,Standbrook,kstandbrooklb@engadget.com,20295288381,true,2024-03-14,2024-03-15
Verine,Sherwood,vsherwoodlc@newyorker.com,32039208131,false,2024-03-16,2024-03-17
Erwin,Ivanets,eivanetsld@abc.net.au,95666887541,true,2024-03-18,2024-03-19
Humberto,Brannigan,hbranniganle@fc2.com,61426751961,true,2024-03-20,2024-03-21
Darlleen,Glasscott,dglasscottlf@berkeley.edu,45042039921,false,2024-03-22,2024-03-23
Lon,Koubu,lkoubulg@china.com.cn,86265600341,true,2024-03-24,2024-03-25
Nathalie,Deyes,ndeyeslh@ameblo.jp,94140802851,false,2024-03-26,2024-03-27
Ephraim,Elsom,eelsomli@psu.edu,60236663101,true,2024-03-28,2024-03-29
Tabor,Lydon,tlydonlj@wordpress.com,90643990331,true,2024-03-30,2024-03-31
Leighton,Twelves,ltwelveslk@sourceforge.net,29442961101,true,2024-04-01,2024-04-02
Orland,Dougan,odouganll@springer.com,38250753051,false,2024-04-03,2024-04-04
Felicle,McLinden,fmclindenlm@thetimes.co.uk,57268581391,false,2024-04-05,2024-04-06
Sasha,Baunton,sbauntonln@alexa.com,67057135921,true,2024-04-07,2024-04-08
Grethel,Currom,gcurromlo@nymag.com,65314910591,true,2024-04-09,2024-04-10
Megan,Ferretti,mferrettilp@sbwire.com,29868230831,false,2024-04-11,2024-04-12
Neron,Sandercroft,nsandercroftlq@usatoday.com,49918996471,false,2024-04-13,2024-04-14
Parnell,Javes,pjaveslr@reuters.com,91674545091,false,2024-04-15,2024-04-16
Evelina,Kier,ekierls@tripod.com,86138059341,false,2024-04-17,2024-04-18
Cati,Hardaker,chardakerlt@privacy.gov.au,97529328501,false,2024-04-19,2024-04-20
Ara,Picford,apicfordlu@fc2.com,72213678441,false,2024-04-21,2024-04-22
Nero,Stonbridge,nstonbridgelv@ted.com,12125079651,false,2024-04-23,2024-04-24
Cale,Mammatt,cmammattlw@macromedia.com,89015965091,false,2024-04-25,2024-04-26
Giacinta,Hazlehurst,ghazlehurstlx@ovh.net,87276956131,false,2024-04-27,2024-04-28
Bard,Davidman,bdavidmanly@youtube.com,74594917341,true,2024-04-29,2024-04-30
Cynde,Carlesi,ccarlesilz@yahoo.com,22588204921,true,2024-05-01,2024-05-02
Rosaline,Olenichev,rolenichevm0@auda.org.au,83550155431,false,2024-05-03,2024-05-04
Gabriela,Moneti,gmonetim1@cnet.com,38672749531,true,2024-05-05,2024-05-06
Krispin,Isack,kisackm2@cbslocal.com,91779899081,false,2024-05-07,2024-05-08
Elianore,Paal,epaalm3@amazon.com,26269292191,false,2024-05-09,2024-05-10
Kingsley,Dubique,kdubiquem4@ning.com,20249059901,true,2024-05-11,2024-05-12
Feliza,Giorgielli,fgiorgiellim5@zdnet.com,65080951061,true,2024-05-13,2024-05-14
Hedi,Shepstone,hshepstonem6@google.com.hk,58062683061,true,2024-05-15,2024-05-16
Killy,Scullin,kscullinm7@t.co,60334410591,true,2024-05-17,2024-05-18
Marieann,Chasson,mchassonm8@fema.gov,20139623131,true,2024-05-19,2024-05-20
Raleigh,Slack,rslackm9@topsy.com,11184685991,true,2024-05-21,2024-05-22
Cherianne,Hansill,chansillma@thetimes.co.uk,34144628401,true,2024-05-23,2024-05-24
Ichabod,Lazenbury,ilazenburymb@bizjournals.com,41141080671,true,2024-05-25,2024-05-26
Casi,Stevings,cstevingsmc@sciencedaily.com,84764834821,true,2024-05-27,2024-05-28
Stanislaus,Brogan,sbroganmd@canalblog.com,48135237221,false,2024-05-29,2024-05-30
Hubie,Zuann,hzuannme@huffingtonpost.com,66944312921,true,2024-05-31,2024-06-01
Remy,Ambroz,rambrozmf@noaa.gov,39725279751,false,2024-06-02,2024-06-03
Weidar,Braunds,wbraundsmg@auda.org.au,77329446441,true,2024-06-04,2024-06-05
Franny,Van Weedenburg,fvanweedenburgmh@unesco.org,75511306111,true,2024-06-06,2024-06-07
Vittorio,Corradi,vcorradimi@weibo.com,90976992051,false,2024-06-08,2024-06-09
Sibyl,Gibben,sgibbenmj@hexun.com,38068535321,false,2024-06-10,2024-06-11
Penrod,Adshed,padshedmk@prweb.com,56744661411,false,2024-06-12,2024-06-13
Carroll,Faughnan,cfaughnanml@nih.gov,51117019581,true,2024-06-14,2024-06-15
Myrtie,Sivills,msivillsmm@edublogs.org,22552703651,true,2024-06-16,2024-06-17
Carlotta,Scholling,cschollingmn@wsj.com,21222373391,false,2024-06-18,2024-06-19
Eustacia,Mordacai,emordacaimo@go.com,80196430521,true,2024-06-20,2024-06-21
Tiffanie,Hanniger,thannigermp@desdev.cn,62030478891,true,2024-06-22,2024-06-23
Demetria,Cowser,dcowsermq@goo.ne.jp,70729858241,true,2024-06-24,2024-06-25
Amanda,Hamblin,ahamblinmr@last.fm,73429491751,false,2024-06-26,2024-06-27
Maura,Francombe,mfrancombems@1und1.de,30735406211,true,2024-06-28,2024-06-29
Annora,Sweetmore,asweetmoremt@phoca.cz,34419501331,true,2024-06-30,2024-07-01
Nevile,Delicate,ndelicatemu@washington.edu,70352657821,false,2024-07-02,2024-07-03
Burgess,Abrahami,babrahamimv@vk.com,44782277491,true,2024-07-04,2024-07-05
Hazel,Dubery,hduberymw@cmu.edu,61960849561,false,2024-07-06,2024-07-07
Drucie,Tucknutt,dtucknuttmx@mysql.com,64922720661,true,2024-07-08,2024-07-09
Reuven,Stonuary,rstonuarymy@senate.gov,24388956601,true,2024-07-10,2024-07-11
Benedikt,Devenport,bdevenportmz@amazon.de,86433833601,false,2024-07-12,2024-07-13
Ruthi,Millam,rmillamn0@biglobe.ne.jp,34128338201,false,2024-07-14,2024-07-15
Felisha,Hodgin,fhodginn1@homestead.com,90782503171,false,2024-07-16,2024-07-17
Ysabel,Scroggs,yscroggsn2@sitemeter.com,20331757821,true,2024-07-18,2024-07-19
Rose,Cattlow,rcattlown3@bigcartel.com,61224119561,false,2024-07-20,2024-07-21
Nonna,Gascone,ngasconen4@cmu.edu,95720010301,false,2024-07-22,2024-07-23
Laurent,Paskerful,lpaskerfuln5@aol.com,71263002431,true,2024-07-24,2024-07-25
Bess,Van der Kruys,bvanderkruysn6@twitpic.com,29978919401,false,2024-07-26,2024-07-27
Marge,Rapin,mrapinn7@cargocollective.com,17311105191,true,2024-07-28,2024-07-29
Roze,Kyllford,rkyllfordn8@thetimes.co.uk,76757603481,true,2024-07-30,2024-07-31
Shawnee,Castellani,scastellanin9@skyrock.com,18482483191,false,2024-08-01,2024-08-02
Blithe,Isakovic,bisakovicna@rediff.com,22872509321,false,2024-08-03,2024-08-04
Rooney,Argente,rargentenb@cmu.edu,73630658151,false,2024-08-05,2024-08-06
Kathi,Clericoates,kclericoatesnc@ft.com,73229834071,true,2024-08-07,2024-08-08
Beryle,Hartil,bhartilnd@wsj.com,98045144111,true,2024-08-09,2024-08-10
Rivkah,Francesco,rfrancescone@skyrock.com,13296614961,false,2024-08-11,2024-08-12
Kirby,Parysiak,kparysiaknf@ft.com,29890344361,false,2024-08-13,2024-08-14
Pattie,Franzini,pfranzining@godaddy.com,12558058611,false,2024-08-15,2024-08-16
Trudey,Spurr,tspurrnh@smugmug.com,78815776801,false,2024-08-17,2024-08-18
Dionisio,Whitsun,dwhitsunni@furl.net,70735756851,false,2024-08-19,2024-08-20
Justinian,Slowan,jslowannj@1688.com,60716917741,false,2024-08-21,2024-08-22
Muriel,Jenney,mjenneynk@nifty.com,45632254591,true,2024-08-23,2024-08-24
Teriann,Pounder,tpoundernl@w3.org,97054486791,false,2024-08-25,2024-08-26
Jodie,Ranald,jranaldnm@weebly.com,25441214801,false,2024-08-27,2024-08-28
Rhianna,Station,rstationnn@squarespace.com,27355361861,false,2024-08-29,2024-08-30
Isabelle,Bewick,ibewickno@tripod.com,88856112271,true,2024-08-31,2024-09-01
Hally,Riddett,hriddettnp@eepurl.com,72635615511,true,2024-09-02,2024-09-03
Julia,Meeks,jmeeksnq@aboutads.info,10579508141,false,2024-09-04,2024-09-05
Amelie,De La Coste,adelacostenr@sbwire.com,91823480081,true,2024-09-06,2024-09-07
Gertrud,Petrashov,gpetrashovns@sitemeter.com,86823232761,true,2024-09-08,2024-09-09
Rice,Dragon,rdragonnt@slate.com,17180474981,false,2024-09-10,2024-09-11
Aimee,Braine,abrainenu@delicious.com,15014938131,true,2024-09-12,2024-09-13
Tanny,Guthrum,tguthrumnv@t-online.de,53517809401,true,2024-09-14,2024-09-15
Raynard,Jirieck,rjiriecknw@nhs.uk,69277824871,true,2024-09-16,2024-09-17
Bill,Cresser,bcressernx@netscape.com,75861243931,false,2024-09-18,2024-09-19
Finn,Prendeville,fprendevilleny@fema.gov,24439149461,false,2024-09-20,2024-09-21
Mack,Moukes,mmoukesnz@home.pl,98515729701,true,2024-09-22,2024-09-23
Maddie,Smallacombe,msmallacombeo0@bbc.co.uk,60566060181,true,2024-09-24,2024-09-25
Sal,Wackley,swackleyo1@opensource.org,91913036401,true,2024-09-26,2024-09-27
Hollyanne,Petracek,hpetraceko2@examiner.com,53585598421,false,2024-09-28,2024-09-29
Rey,Lalley,rlalleyo3@disqus.com,44043760771,true,2024-09-30,2024-10-01
Ryann,Pococke,rpocockeo4@phoca.cz,68179700681,false,2024-10-02,2024-10-03
Daren,Thewles,dthewleso5@domainmarket.com,21392139101,false,2024-10-04,2024-10-05
Rikki,Abercrombie,rabercrombieo6@eventbrite.com,56179805591,false,2024-10-06,2024-10-07
Elyssa,Gager,egagero7@sogou.com,12056463701,true,2024-10-08,2024-10-09
Ailbert,Thurbon,athurbono8@nifty.com,37260864421,false,2024-10-10,2024-10-11
Tildi,Husher,thushero9@guardian.co.uk,33649213931,true,2024-10-12,2024-10-13
Cami,Gohier,cgohieroa@earthlink.net,43860063561,true,2024-10-14,2024-10-15
Cassey,Crayker,ccraykerob@fda.gov,86395033801,true,2024-10-16,2024-10-17
Stirling,Housam,shousamoc@edublogs.org,95652161341,true,2024-10-18,2024-10-19
Obadiah,O'Flaherty,ooflahertyod@blogspot.com,31487354541,true,2024-10-20,2024-10-21
Matthieu,Styles,mstylesoe@house.gov,90870731151,true,2024-10-22,2024-10-23
Collen,Lightbody,clightbodyof@liveinternet.ru,76385264541,false,2024-10-24,2024-10-25
Pepillo,Vuitte,pvuitteog@gmpg.org,47372193141,true,2024-10-26,2024-10-27
Kissiah,Garmey,kgarmeyoh@woothemes.com,57255369211,true,2024-10-28,2024-10-29
Ethel,Scarsbrook,escarsbrookoi@alibaba.com,16176803651,true,2024-10-30,2024-10-31
Davidde,Bernardt,dbernardtoj@hostgator.com,74510545301,true,2024-11-01,2024-11-02
Jsandye,Laurand,jlaurandok@odnoklassniki.ru,96751598821,false,2024-11-03,2024-11-04
Agace,O'Monahan,aomonahanol@artisteer.com,85470555891,true,2024-11-05,2024-11-06
Codi,Warne,cwarneom@icio.us,46629646141,true,2024-11-07,2024-11-08
Auberta,Seedull,aseedullon@google.cn,49147067641,false,2024-11-09,2024-11-10
Harriett,Danher,hdanheroo@salon.com,61510493481,true,2024-11-11,2024-11-12
Maggi,Kilmister,mkilmisterop@canalblog.com,93763291941,false,2024-11-13,2024-11-14
Hazel,Tewkesberrie,htewkesberrieoq@prnewswire.com,89568379721,false,2024-11-15,2024-11-16
Orbadiah,Reppaport,oreppaportor@twitpic.com,14575444431,true,2024-11-17,2024-11-18
Cully,Draper,cdraperos@usnews.com,39988200631,true,2024-11-19,2024-11-20
Goober,Flawith,gflawithot@utexas.edu,61982378691,true,2024-11-21,2024-11-22
Catrina,Elcoat,celcoatou@ebay.co.uk,93028018651,false,2024-11-23,2024-11-24
Tailor,Boosey,tbooseyov@fotki.com,83824086891,false,2024-11-25,2024-11-26
Chloris,Pavelka,cpavelkaow@blogger.com,32353080121,false,2024-11-27,2024-11-28
Alysa,Breadon,abreadonox@businesswire.com,43437946451,false,2024-11-29,2024-11-30
Link,Kedward,lkedwardoy@noaa.gov,44752208001,true,2024-12-01,2024-12-02
Umeko,Mallows,umallowsoz@istockphoto.com,12868955111,true,2024-12-03,2024-12-04
Tiena,Fruin,tfruinp0@mozilla.com,17292532751,true,2024-12-05,2024-12-06
Billi,Farthin,bfarthinp1@istockphoto.com,46629316251,true,2024-12-07,2024-12-08
Chrisse,Gopsall,cgopsallp2@cocolog-nifty.com,29858670511,false,2024-12-09,2024-12-10
Eirena,Messitt,emessittp3@about.com,32613736371,true,2024-12-11,2024-12-12
Baily,McKee,bmckeep4@narod.ru,17884257881,false,2024-12-13,2024-12-14
Mylo,Wyer,mwyerp5@xing.com,80786347301,false,2024-12-15,2024-12-16
Margi,MacNab,mmacnabp6@nsw.gov.au,98677378191,false,2024-12-17,2024-12-18
Hartley,Parmenter,hparmenterp7@tamu.edu,93323294161,false,2024-12-19,2024-12-20
Kippy,Hanssmann,khanssmannp8@msu.edu,51545315091,true,2024-12-21,2024-12-22
Cullan,Sleit,csleitp9@zdnet.com,94057250131,true,2024-12-23,2024-12-24
Antonina,Vampouille,avampouillepa@multiply.com,35342345781,true,2024-12-25,2024-12-26
Pammy,Kearton,pkeartonpb@fastcompany.com,40399081831,true,2024-12-27,2024-12-28
Dominique,Skeete,dskeetepc@shutterfly.com,51775667141,true,2024-12-29,2024-12-30
Udall,Killock,ukillockpd@behance.net,87645649821,true,2024-12-31,2025-01-01
Ulberto,Sykora,usykorape@rakuten.co.jp,96966849951,true,2025-01-02,2025-01-03
Carmelle,Blackwell,cblackwellpf@google.fr,93041745461,false,2025-01-04,2025-01-05
Greta,Montfort,gmontfortpg@microsoft.com,12565091951,false,2025-01-06,2025-01-07
Obidiah,Musgrove,omusgroveph@goodreads.com,79969632921,true,2025-01-08,2025-01-09
Lurline,Tregunna,ltregunnapi@msn.com,15546888621,false,2025-01-10,2025-01-11
Amargo,Adamik,aadamikpj@sourceforge.net,43144459851,true,2025-01-12,2025-01-13
Veronica,Mc Ilory,vmcilorypk@wisc.edu,31978759761,false,2025-01-14,2025-01-15
Irwinn,L'Hommeau,ilhommeaupl@oaic.gov.au,81380542961,false,2025-01-16,2025-01-17
Lyssa,Pyle,lpylepm@xrea.com,70447495791,false,2025-01-18,2025-01-19
Crin,Greger,cgregerpn@jiathis.com,47712437261,true,2025-01-20,2025-01-21
Chaddy,Seagood,cseagoodpo@diigo.com,72962449101,true,2025-01-22,2025-01-23
Margot,Kharchinski,mkharchinskipp@behance.net,92363939161,true,2025-01-24,2025-01-25
Guillema,Panchin,gpanchinpq@nps.gov,42775391151,true,2025-01-26,2025-01-27
Gregoor,Skeat,gskeatpr@usda.gov,22920016321,true,2025-01-28,2025-01-29
Pamelina,Ferronet,pferronetps@digg.com,45458729351,true,2025-01-30,2025-01-31
Jerrie,Clist,jclistpt@baidu.com,23523972371,false,2025-02-01,2025-02-02
Coleen,Mannagh,cmannaghpu@cpanel.net,10181463301,false,2025-02-03,2025-02-04
Gregor,Fullerlove,gfullerlovepv@statcounter.com,37681231621,false,2025-02-05,2025-02-06
Olvan,Rugiero,orugieropw@godaddy.com,97358780431,true,2025-02-07,2025-02-08
Phaidra,Fontelles,pfontellespx@altervista.org,31147587461,false,2025-02-09,2025-02-10
Dayle,Outridge,doutridgepy@msu.edu,43112565631,true,2025-02-11,2025-02-12
Jeffry,Inder,jinderpz@eepurl.com,45673173651,false,2025-02-13,2025-02-14
Thacher,Breadon,tbreadonq0@sina.com.cn,63485414621,true,2025-02-15,2025-02-16
Jasmina,Road,jroadq1@foxnews.com,21028051771,true,2025-02-17,2025-02-18
Palmer,Wenban,pwenbanq2@china.com.cn,47577041481,false,2025-02-19,2025-02-20
Griz,Laye,glayeq3@ed.gov,17561414881,true,2025-02-21,2025-02-22
Janetta,Lindmark,jlindmarkq4@dell.com,34155279431,true,2025-02-23,2025-02-24
Saree,Kidner,skidnerq5@census.gov,26758398871,false,2025-02-25,2025-02-26
Oona,Sodory,osodoryq6@exblog.jp,66292492361,true,2025-02-27,2025-02-28
Roderigo,Cardinal,rcardinalq7@technorati.com,51548318491,false,2025-03-01,2025-03-02
Norah,Del Castello,ndelcastelloq8@ocn.ne.jp,84017119621,true,2025-03-03,2025-03-04
Gerianne,Cambden,gcambdenq9@newyorker.com,80742430261,false,2025-03-05,2025-03-06
Ranice,Willoughby,rwilloughbyqa@g.co,23384125331,false,2025-03-07,2025-03-08
Shaylah,Nellies,snelliesqb@oaic.gov.au,16383177951,true,2025-03-09,2025-03-10
Clarette,Aizic,caizicqc@berkeley.edu,83674969831,false,2025-03-11,2025-03-12
Lezlie,Lohmeyer,llohmeyerqd@ovh.net,70947789301,false,2025-03-13,2025-03-14
Massimiliano,Domleo,mdomleoqe@vk.com,46816224751,true,2025-03-15,2025-03-16
Carmencita,Spurman,cspurmanqf@dailymotion.com,20959871591,true,2025-03-17,2025-03-18
Dewey,Farrer,dfarrerqg@cloudflare.com,94814404911,false,2025-03-19,2025-03-20
Dinny,Menchenton,dmenchentonqh@clickbank.net,27379259651,false,2025-03-21,2025-03-22
Carlynn,Becken,cbeckenqi@gov.uk,42162212901,false,2025-03-23,2025-03-24
Evania,Scrange,escrangeqj@feedburner.com,55942830951,true,2025-03-25,2025-03-26
Jude,Dani,jdaniqk@usatoday.com,56828113771,false,2025-03-27,2025-03-28
Herman,Whitticks,hwhitticksql@elpais.com,43196035881,true,2025-03-29,2025-03-30
Skipp,Cherry Holme,scherryholmeqm@hugedomains.com,88923090641,true,2025-03-31,2025-04-01
Hetti,Dobeson,hdobesonqn@123-reg.co.uk,50614198001,true,2025-04-02,2025-04-03
Elmer,Priest,epriestqo@cocolog-nifty.com,19533266641,false,2025-04-04,2025-04-05
Lucila,Lavis,llavisqp@nps.gov,82160117341,false,2025-04-06,2025-04-07
Claudia,Colleford,ccollefordqq@howstuffworks.com,95861641471,true,2025-04-08,2025-04-09
Baily,Entwistle,bentwistleqr@chron.com,65298164421,false,2025-04-10,2025-04-11
Saunder,Perse,sperseqs@twitpic.com,73020248621,true,2025-04-12,2025-04-13
Trudie,Marlon,tmarlonqt@seattletimes.com,73673009721,true,2025-04-14,2025-04-15
Stefa,Riddler,sriddlerqu@youtube.com,25666457171,false,2025-04-16,2025-04-17
Florie,Eberts,febertsqv@ucoz.ru,61686480711,false,2025-04-18,2025-04-19
Hughie,Livingston,hlivingstonqw@washingtonpost.com,33534546991,true,2025-04-20,2025-04-21
Theodoric,Schoolfield,tschoolfieldqx@mit.edu,26088511981,false,2025-04-22,2025-04-23
Damien,Suthworth,dsuthworthqy@reuters.com,56229100311,true,2025-04-24,2025-04-25
Marya,Clemes,mclemesqz@cloudflare.com,10997487261,false,2025-04-26,2025-04-27
Darren,Shelmardine,dshelmardiner0@chronoengine.com,72317512871,false,2025-04-28,2025-04-29
Pablo,Skures,pskuresr1@dion.ne.jp,64829617661,false,2025-04-30,2025-05-01
Mercy,Plain,mplainr2@fda.gov,54510980161,false,2025-05-02,2025-05-03
Betteann,Hares,bharesr3@dailymotion.com,83959506261,true,2025-05-04,2025-05-05
Kevan,Hrihorovich,khrihorovichr4@weebly.com,85513084071,true,2025-05-06,2025-05-07
Arleyne,Rigney,arigneyr5@feedburner.com,28787906011,false,2025-05-08,2025-05-09
Gillian,Gilleon,ggilleonr6@fda.gov,62140645441,false,2025-05-10,2025-05-11
Foss,Eeles,feelesr7@nba.com,88956445571,false,2025-05-12,2025-05-13
Karoly,Wennington,kwenningtonr8@purevolume.com,37052814911,true,2025-05-14,2025-05-15
Maximilian,Bolles,mbollesr9@nymag.com,66019202021,false,2025-05-16,2025-05-17
Nickie,O'Hannay,nohannayra@zimbio.com,81921017371,true,2025-05-18,2025-05-19
Frazer,Lochead,flocheadrb@51.la,26612424841,false,2025-05-20,2025-05-21
Harwilll,Kumar,hkumarrc@booking.com,35830731801,true,2025-05-22,2025-05-23
Hubert,Edgcombe,hedgcomberd@bloomberg.com,99689748391,false,2025-05-24,2025-05-25
Wittie,Nardi,wnardire@opensource.org,94134124321,true,2025-05-26,2025-05-27
Marge,Sollam,msollamrf@telegraph.co.uk,23064730121,true,2025-05-28,2025-05-29
Mikel,Kitcatt,mkitcattrg@google.cn,16172960351,true,2025-05-30,2025-05-31
Lotty,Bodycomb,lbodycombrh@multiply.com,51679197631,true,2025-06-01,2025-06-02
Neron,Dusey,nduseyri@sun.com,75258995511,true,2025-06-03,2025-06-04
Marje,Chellenham,mchellenhamrj@opera.com,17499279281,false,2025-06-05,2025-06-06
Kristen,Lamey,klameyrk@over-blog.com,63979848501,true,2025-06-07,2025-06-08
Della,Lovekin,dlovekinrl@squarespace.com,60064688261,false,2025-06-09,2025-06-10
Ewen,Hounsom,ehounsomrm@go.com,97684002261,true,2025-06-11,2025-06-12
Ringo,Chadband,rchadbandrn@networksolutions.com,94128013531,true,2025-06-13,2025-06-14
Elise,Mutton,emuttonro@jiathis.com,44517904471,false,2025-06-15,2025-06-16
Dorice,Macieiczyk,dmacieiczykrp@edublogs.org,77819322251,true,2025-06-17,2025-06-18
Kalindi,Hurlston,khurlstonrq@de.vu,86976630071,true,2025-06-19,2025-06-20
Rosamond,Pilfold,rpilfoldrr@over-blog.com,32598173031,true,2025-06-21,2025-06-22